date,0,1,2,3,4,5,6,7,8,9,10,11,12,13,14,15,16,17,18,19
1980-01-22,0.00,0.00,0.00,0.00,0.00,0.00,0.71,5.41,10.11,14.81,19.51,24.21,28.91,33.61,38.31,89.33,89.33,89.33,89.33,89.33
1980-01-23,0.00,0.00,0.00,0.00,0.00,0.00,0.00,4.51,9.21,13.91,18.61,23.31,28.02,32.72,37.42,88.43,88.43,88.43,88.43,88.43
1980-01-24,0.00,0.00,0.00,0.00,0.00,0.00,0.91,5.61,10.31,15.01,19.71,24.41,29.11,33.81,38.51,89.52,89.52,89.52,89.52,89.52
1980-01-25,0.00,0.00,0.00,0.00,0.00,0.00,1.89,6.59,11.29,15.99,20.69,25.39,30.09,34.79,39.49,90.50,90.50,90.50,90.50,90.50
1980-01-26,0.00,0.00,0.00,0.00,0.00,0.00,2.78,7.48,12.18,16.88,21.58,26.28,30.98,35.68,40.38,91.39,91.39,91.39,91.39,91.39
1980-01-27,0.00,0.00,0.00,0.00,0.00,0.00,3.59,8.29,12.99,17.69,22.39,27.09,31.79,36.49,41.19,92.21,92.21,92.21,92.21,92.21
1980-01-28,0.00,0.00,0.00,0.00,0.00,0.00,4.34,9.04,13.74,18.44,23.14,27.84,32.54,37.24,41.94,92.96,92.96,92.96,92.96,92.96
1980-01-29,0.00,0.00,0.00,0.00,0.00,0.33,5.04,9.74,14.44,19.14,23.84,28.54,33.24,37.94,42.64,93.65,93.65,93.65,93.65,93.65
1980-01-30,0.00,0.00,0.00,0.00,0.00,0.98,5.68,10.38,15.08,19.79,24.49,29.19,33.89,38.59,43.29,94.30,94.30,94.30,94.30,94.30
1980-01-31,0.00,0.00,0.00,0.00,0.00,1.59,6.29,10.99,15.69,20.39,25.09,29.79,34.49,39.19,43.89,94.91,94.91,94.91,94.91,94.91
1980-02-01,0.00,0.00,0.00,0.00,0.00,2.16,6.86,11.56,16.27,20.97,25.67,30.37,35.07,39.77,44.47,95.48,95.48,95.48,95.48,95.48
1980-02-02,0.00,0.00,0.00,0.00,0.00,2.70,7.40,12.11,16.81,21.51,26.21,30.91,35.61,40.31,45.01,96.02,96.02,96.02,96.02,96.02
1980-02-03,0.00,0.00,0.00,0.00,0.00,3.22,7.92,12.62,17.32,22.02,26.72,31.42,36.12,40.82,45.52,96.53,96.53,96.53,96.53,96.53
1980-02-04,0.00,0.00,0.00,0.00,0.00,3.70,8.40,13.10,17.80,22.50,27.20,31.90,36.61,41.31,46.01,97.02,97.02,97.02,97.02,97.02
1980-02-05,0.00,0.00,0.00,0.00,0.00,4.17,8.87,13.57,18.27,22.97,27.67,32.37,37.07,41.77,46.47,97.48,97.48,97.48,97.48,97.48
1980-02-06,0.00,0.00,0.00,0.00,0.00,4.61,9.31,14.01,18.71,23.41,28.11,32.81,37.51,42.21,46.91,97.92,97.92,97.92,97.92,97.92
1980-02-07,0.00,0.00,0.00,0.00,0.33,5.03,9.73,14.43,19.13,23.83,28.53,33.23,37.93,42.63,47.33,98.35,98.35,98.35,98.35,98.35
1980-02-08,0.00,0.00,0.00,0.00,0.74,5.44,10.14,14.84,19.54,24.24,28.94,33.64,38.34,43.04,47.74,98.75,98.75,98.75,98.75,98.75
1980-02-09,0.00,0.00,0.00,0.00,1.13,5.83,10.53,15.23,19.93,24.63,29.33,34.03,38.73,43.43,48.13,99.14,99.14,99.14,99.14,99.14
1980-02-10,0.00,0.00,0.00,0.00,1.50,6.20,10.90,15.60,20.30,25.00,29.70,34.40,39.10,43.80,48.50,99.52,99.52,99.52,99.52,99.52
1980-02-11,0.00,0.00,0.00,0.00,1.86,6.56,11.26,15.96,20.66,25.36,30.06,34.76,39.47,44.17,48.87,99.88,99.88,99.88,99.88,99.88
1980-02-12,0.00,0.00,0.00,0.00,2.21,6.91,11.61,16.31,21.01,25.71,30.41,35.11,39.81,44.51,49.21,100.23,100.23,100.23,100.23,100.23
1980-02-13,0.00,0.00,0.00,0.00,2.14,6.84,11.54,16.24,20.94,25.64,30.35,35.05,39.75,44.45,49.15,100.16,100.16,100.16,100.16,100.16
1980-02-14,0.00,0.00,0.00,0.00,2.48,7.18,11.88,16.58,21.28,25.98,30.68,35.38,40.08,44.78,49.48,100.50,100.50,100.50,100.50,100.50
1980-02-15,0.00,0.00,0.00,0.00,2.81,7.51,12.21,16.91,21.61,26.31,31.01,35.71,40.41,45.11,49.81,100.83,100.83,100.83,100.83,100.83
1980-02-16,0.00,0.00,0.00,0.00,3.13,7.83,12.53,17.23,21.93,26.63,31.33,36.03,40.73,45.43,50.13,101.14,101.14,101.14,101.14,101.14
1980-02-17,0.00,0.00,0.00,0.00,0.00,2.92,7.62,12.33,17.03,21.73,26.43,31.13,35.83,40.53,45.23,96.24,96.24,96.24,96.24,96.24
1980-02-18,0.00,0.00,0.00,0.00,0.00,3.43,8.13,12.83,17.53,22.23,26.93,31.63,36.33,41.03,45.73,96.74,96.74,96.74,96.74,96.74
1980-02-19,0.00,0.00,0.00,0.00,0.00,3.90,8.60,13.30,18.00,22.70,27.40,32.10,36.80,41.50,46.20,97.22,97.22,97.22,97.22,97.22
1980-02-20,0.00,0.00,0.00,0.00,0.00,4.36,9.06,13.76,18.46,23.16,27.86,32.56,37.26,41.96,46.66,97.67,97.67,97.67,97.67,97.67
1980-02-21,0.00,0.00,0.00,0.00,0.09,4.79,9.49,14.19,18.89,23.59,28.29,32.99,37.69,42.39,47.09,98.11,98.11,98.11,98.11,98.11
1980-02-22,0.00,0.00,0.00,0.00,0.51,5.21,9.91,14.61,19.31,24.01,28.71,33.41,38.11,42.81,47.51,98.52,98.52,98.52,98.52,98.52
1980-02-23,0.00,0.00,0.00,0.00,0.00,0.00,3.55,8.25,12.95,17.65,22.35,27.05,31.75,36.45,41.15,92.16,92.16,92.16,92.16,92.16
1980-02-24,0.00,0.00,0.00,0.00,0.00,0.00,4.30,9.00,13.70,18.40,23.10,27.80,32.50,37.20,41.90,92.91,92.91,92.91,92.91,92.91
1980-02-25,0.00,0.00,0.00,0.00,0.00,0.30,5.00,9.70,14.40,19.10,23.80,28.50,33.20,37.90,42.60,93.61,93.61,93.61,93.61,93.61
1980-02-26,0.00,0.00,0.00,0.00,0.00,0.95,5.65,10.35,15.05,19.75,24.45,29.15,33.85,38.55,43.25,94.26,94.26,94.26,94.26,94.26
1980-02-27,0.00,0.00,0.00,0.00,0.00,1.56,6.26,10.96,15.66,20.36,25.06,29.76,34.46,39.16,43.86,94.87,94.87,94.87,94.87,94.87
1980-02-28,0.00,0.00,0.00,0.00,0.00,2.13,6.83,11.53,16.23,20.93,25.63,30.33,35.03,39.74,44.44,95.45,95.45,95.45,95.45,95.45
1980-02-29,0.00,0.00,0.00,0.00,0.00,2.67,7.37,12.08,16.78,21.48,26.18,30.88,35.58,40.28,44.98,95.99,95.99,95.99,95.99,95.99
1980-03-01,0.00,0.00,0.00,0.00,0.00,3.19,7.89,12.59,17.29,21.99,26.69,31.39,36.09,40.79,45.49,96.50,96.50,96.50,96.50,96.50
1980-03-02,0.00,0.00,0.00,0.00,0.00,3.68,8.38,13.08,17.78,22.48,27.18,31.88,36.58,41.28,45.98,96.99,96.99,96.99,96.99,96.99
1980-03-03,0.00,0.00,0.00,0.00,0.00,4.14,8.84,13.54,18.24,22.94,27.64,32.34,37.04,41.74,46.44,97.46,97.46,97.46,97.46,97.46
1980-03-04,0.00,0.00,0.00,0.00,0.00,4.58,9.28,13.98,18.69,23.39,28.09,32.79,37.49,42.19,46.89,97.90,97.90,97.90,97.90,97.90
1980-03-05,0.00,0.00,0.00,0.00,0.31,5.01,9.71,14.41,19.11,23.81,28.51,33.21,37.91,42.61,47.31,98.32,98.32,98.32,98.32,98.32
1980-03-06,0.00,0.00,0.00,0.00,0.36,5.06,9.76,14.46,19.16,23.86,28.56,33.26,37.96,42.66,47.36,98.37,98.37,98.37,98.37,98.37
1980-03-07,0.00,0.00,0.00,0.00,0.76,5.46,10.16,14.86,19.56,24.26,28.96,33.66,38.36,43.06,47.76,98.78,98.78,98.78,98.78,98.78
1980-03-08,0.00,0.00,0.00,0.00,1.15,5.85,10.55,15.25,19.95,24.65,29.35,34.05,38.75,43.45,48.15,99.17,99.17,99.17,99.17,99.17
1980-03-09,0.00,0.00,0.00,0.00,0.22,4.92,9.62,14.32,19.02,23.72,28.42,33.12,37.82,42.52,47.22,98.23,98.23,98.23,98.23,98.23
1980-03-10,0.00,0.00,0.00,0.00,0.63,5.33,10.03,14.73,19.43,24.13,28.83,33.53,38.23,42.93,47.63,98.64,98.64,98.64,98.64,98.64
1980-03-11,0.00,0.00,0.00,0.00,0.00,0.00,0.00,0.57,5.27,9.97,14.68,19.38,24.08,28.78,33.48,84.49,84.49,84.49,84.49,84.49
1980-03-12,0.00,0.00,0.00,0.00,0.00,0.00,0.00,0.78,5.48,10.18,14.88,19.58,24.28,28.98,33.68,84.69,84.69,84.69,84.69,84.69
1980-03-13,0.00,0.00,0.00,0.00,0.00,0.00,0.00,2.37,7.07,11.77,16.47,21.17,25.87,30.57,35.27,86.28,86.28,86.28,86.28,86.28
1980-03-14,0.00,0.00,0.00,0.00,0.00,0.00,0.00,3.72,8.42,13.12,17.82,22.52,27.22,31.92,36.62,87.64,87.64,87.64,87.64,87.64
1980-03-15,0.00,0.00,0.00,0.00,0.00,0.00,0.00,0.00,0.00,3.28,7.98,12.68,17.38,22.08,26.78,77.79,77.79,77.79,77.79,77.79
1980-03-16,0.00,0.00,0.00,0.00,0.00,0.00,0.00,0.00,1.75,6.45,11.15,15.85,20.55,25.25,29.95,80.96,80.96,80.96,80.96,80.96
1980-03-17,0.00,0.00,0.00,0.00,0.00,0.00,0.00,0.00,4.05,8.75,13.45,18.15,22.85,27.56,32.26,83.27,83.27,83.27,83.27,83.27
1980-03-18,0.00,0.00,0.00,0.00,0.00,0.00,0.00,0.00,1.39,6.09,10.79,15.49,20.19,24.89,29.60,80.61,80.61,80.61,80.61,80.61
1980-03-19,0.00,0.00,0.00,0.00,0.00,0.00,0.00,0.00,0.61,5.31,10.01,14.71,19.41,24.11,28.81,79.83,79.83,79.83,79.83,79.83
1980-03-20,0.00,0.00,0.00,0.00,0.00,0.00,0.00,0.00,3.20,7.90,12.60,17.30,22.00,26.70,31.40,82.41,82.41,82.41,82.41,82.41
1980-03-21,0.00,0.00,0.00,0.00,0.00,0.00,0.00,0.49,5.19,9.89,14.59,19.29,23.99,28.69,33.39,84.41,84.41,84.41,84.41,84.41
1980-03-22,0.00,0.00,0.00,0.00,0.00,0.00,0.00,0.00,0.00,0.00,0.00,4.17,8.87,13.57,18.27,69.28,69.28,69.28,69.28,69.28
1980-03-23,0.00,0.00,0.00,0.00,0.00,0.00,0.00,0.00,0.00,1.41,6.11,10.82,15.52,20.22,24.92,75.93,75.93,75.93,75.93,75.93
1980-03-24,0.00,0.00,0.00,0.00,0.00,0.00,0.00,0.00,0.53,5.23,9.93,14.63,19.33,24.03,28.73,79.75,79.75,79.75,79.75,79.75
1980-03-25,0.00,0.00,0.00,0.00,0.00,0.00,0.00,0.00,0.00,0.00,3.53,8.23,12.93,17.63,22.33,73.34,73.34,73.34,73.34,73.34
1980-03-26,0.00,0.00,0.00,0.00,0.00,0.00,0.00,0.00,0.00,0.00,4.52,9.22,13.92,18.62,23.32,74.33,74.33,74.33,74.33,74.33
1980-03-27,0.00,0.00,0.00,0.00,0.00,0.00,0.00,0.00,0.00,4.30,9.00,13.70,18.40,23.10,27.80,78.81,78.81,78.81,78.81,78.81
1980-03-28,0.00,0.00,0.00,0.00,0.00,0.00,0.00,0.00,2.46,7.16,11.86,16.56,21.26,25.96,30.66,81.67,81.67,81.67,81.67,81.67
1980-03-29,0.00,0.00,0.00,0.00,0.00,0.00,0.00,0.00,4.61,9.31,14.01,18.71,23.41,28.11,32.81,83.82,83.82,83.82,83.82,83.82
1980-03-30,0.00,0.00,0.00,0.00,0.00,0.00,0.00,0.00,0.00,0.00,3.94,8.64,13.34,18.04,22.74,73.76,73.76,73.76,73.76,73.76
1980-03-31,0.00,0.00,0.00,0.00,0.00,0.00,0.00,0.00,0.00,3.99,8.69,13.39,18.09,22.79,27.49,78.50,78.50,78.50,78.50,78.50
1980-04-01,0.00,0.00,0.00,0.00,0.00,0.00,0.00,0.00,0.00,0.00,0.00,4.47,9.17,13.87,18.57,69.58,69.58,69.58,69.58,69.58
1980-04-02,0.00,0.00,0.00,0.00,0.00,0.00,0.00,0.00,0.00,2.27,6.97,11.67,16.37,21.07,25.77,76.79,76.79,76.79,76.79,76.79
1980-04-03,0.00,0.00,0.00,0.00,0.00,0.00,0.00,0.00,1.07,5.77,10.48,15.18,19.88,24.58,29.28,80.29,80.29,80.29,80.29,80.29
1980-04-04,0.00,0.00,0.00,0.00,0.00,0.00,0.00,0.00,3.54,8.24,12.94,17.64,22.34,27.04,31.75,82.76,82.76,82.76,82.76,82.76
1980-04-05,0.00,0.00,0.00,0.00,0.00,0.00,0.00,0.00,0.00,0.41,5.11,9.81,14.51,19.21,23.91,74.92,74.92,74.92,74.92,74.92
1980-04-06,0.00,0.00,0.00,0.00,0.00,0.00,0.00,0.00,0.00,4.63,9.33,14.03,18.73,23.43,28.13,79.15,79.15,79.15,79.15,79.15
1980-04-07,0.00,0.00,0.00,0.00,0.00,0.00,0.00,0.00,2.70,7.40,12.10,16.80,21.50,26.20,30.90,81.91,81.91,81.91,81.91,81.91
1980-04-08,0.00,0.00,0.00,0.00,0.00,0.00,0.00,0.10,4.80,9.50,14.20,18.90,23.60,28.30,33.00,84.01,84.01,84.01,84.01,84.01
1980-04-09,0.00,0.00,0.00,0.00,0.00,0.00,0.00,1.80,6.50,11.20,15.90,20.60,25.30,30.00,34.70,85.71,85.71,85.71,85.71,85.71
1980-04-10,0.00,0.00,0.00,0.00,0.00,0.00,0.00,0.00,0.00,0.00,0.00,4.12,8.82,13.52,18.22,69.23,69.23,69.23,69.23,69.23
1980-04-11,0.00,0.00,0.00,0.00,0.00,0.00,0.00,0.00,0.00,2.18,6.88,11.58,16.28,20.98,25.68,76.69,76.69,76.69,76.69,76.69
1980-04-12,0.00,0.00,0.00,0.00,0.00,0.00,0.00,0.00,1.01,5.71,10.41,15.11,19.82,24.52,29.22,80.23,80.23,80.23,80.23,80.23
1980-04-13,0.00,0.00,0.00,0.00,0.00,0.00,0.00,0.00,3.50,8.20,12.90,17.60,22.30,27.00,31.70,82.71,82.71,82.71,82.71,82.71
1980-04-14,0.00,0.00,0.00,0.00,0.00,0.00,0.00,0.73,5.43,10.14,14.84,19.54,24.24,28.94,33.64,84.65,84.65,84.65,84.65,84.65
1980-04-15,0.00,0.00,0.00,0.00,0.00,0.00,0.00,0.88,5.58,10.28,14.98,19.68,24.38,29.08,33.78,84.79,84.79,84.79,84.79,84.79
1980-04-16,0.00,0.00,0.00,0.00,0.00,0.00,0.00,1.97,6.67,11.37,16.07,20.77,25.47,30.17,34.87,85.88,85.88,85.88,85.88,85.88
1980-04-17,0.00,0.00,0.00,0.00,0.00,0.00,0.00,3.38,8.08,12.78,17.48,22.18,26.88,31.58,36.28,87.29,87.29,87.29,87.29,87.29
1980-04-18,0.00,0.00,0.00,0.00,0.00,0.00,0.00,4.60,9.30,14.00,18.70,23.40,28.10,32.80,37.50,88.52,88.52,88.52,88.52,88.52
1980-04-19,0.00,0.00,0.00,0.00,0.00,0.00,0.99,5.69,10.39,15.09,19.79,24.49,29.19,33.89,38.59,89.60,89.60,89.60,89.60,89.60
1980-04-20,0.00,0.00,0.00,0.00,0.00,0.00,1.96,6.66,11.36,16.06,20.76,25.46,30.16,34.86,39.56,90.57,90.57,90.57,90.57,90.57
1980-04-21,0.00,0.00,0.00,0.00,0.00,0.00,2.84,7.54,12.24,16.94,21.64,26.34,31.04,35.74,40.44,91.46,91.46,91.46,91.46,91.46
1980-04-22,0.00,0.00,0.00,0.00,0.00,0.00,3.65,8.35,13.05,17.75,22.45,27.15,31.85,36.55,41.25,92.27,92.27,92.27,92.27,92.27
1980-04-23,0.00,0.00,0.00,0.00,0.00,0.00,4.39,9.10,13.80,18.50,23.20,27.90,32.60,37.30,42.00,93.01,93.01,93.01,93.01,93.01
1980-04-24,0.00,0.00,0.00,0.00,0.00,0.39,5.09,9.79,14.49,19.19,23.89,28.59,33.29,37.99,42.69,93.70,93.70,93.70,93.70,93.70
1980-04-25,0.00,0.00,0.00,0.00,0.00,1.03,5.73,10.43,15.13,19.83,24.53,29.23,33.93,38.63,43.33,94.35,94.35,94.35,94.35,94.35
1980-04-26,0.00,0.00,0.00,0.00,0.00,1.64,6.34,11.04,15.74,20.44,25.14,29.84,34.54,39.24,43.94,94.95,94.95,94.95,94.95,94.95
1980-04-27,0.00,0.00,0.00,0.00,0.00,2.21,6.91,11.61,16.31,21.01,25.71,30.41,35.11,39.81,44.51,95.52,95.52,95.52,95.52,95.52
1980-04-28,0.00,0.00,0.00,0.00,0.00,1.16,5.86,10.56,15.26,19.97,24.67,29.37,34.07,38.77,43.47,94.48,94.48,94.48,94.48,94.48
1980-04-29,0.00,0.00,0.00,0.00,0.00,0.00,0.00,0.00,0.00,0.00,0.00,4.37,9.07,13.77,18.47,69.48,69.48,69.48,69.48,69.48
1980-04-30,0.00,0.00,0.00,0.00,0.00,0.00,0.00,0.00,0.00,0.00,1.55,6.25,10.95,15.65,20.35,71.36,71.36,71.36,71.36,71.36
1980-05-01,0.00,0.00,0.00,0.00,0.00,0.00,0.00,0.00,0.00,2.33,7.04,11.74,16.44,21.14,25.84,76.85,76.85,76.85,76.85,76.85
1980-05-02,0.00,0.00,0.00,0.00,0.00,0.00,0.00,0.00,1.12,5.82,10.52,15.22,19.92,24.62,29.32,80.33,80.33,80.33,80.33,80.33
1980-05-03,0.00,0.00,0.00,0.00,0.00,0.00,0.00,0.00,3.57,8.28,12.98,17.68,22.38,27.08,31.78,82.79,82.79,82.79,82.79,82.79
1980-05-04,0.00,0.00,0.00,0.00,0.00,0.00,0.00,0.80,5.50,10.20,14.90,19.60,24.30,29.00,33.70,84.71,84.71,84.71,84.71,84.71
1980-05-05,0.00,0.00,0.00,0.00,0.00,0.00,0.00,2.38,7.08,11.78,16.48,21.18,25.88,30.59,35.29,86.30,86.30,86.30,86.30,86.30
1980-05-06,0.00,0.00,0.00,0.00,0.00,0.00,0.00,3.72,8.42,13.12,17.82,22.52,27.22,31.92,36.62,87.63,87.63,87.63,87.63,87.63
1980-05-07,0.00,0.00,0.00,0.00,0.00,0.00,0.20,4.90,9.60,14.30,19.00,23.70,28.40,33.10,37.80,88.82,88.82,88.82,88.82,88.82
1980-05-08,0.00,0.00,0.00,0.00,0.00,0.00,0.94,5.64,10.35,15.05,19.75,24.45,29.15,33.85,38.55,89.56,89.56,89.56,89.56,89.56
1980-05-09,0.00,0.00,0.00,0.00,0.00,0.00,1.02,5.72,10.42,15.12,19.83,24.53,29.23,33.93,38.63,89.64,89.64,89.64,89.64,89.64
1980-05-10,0.00,0.00,0.00,0.00,0.00,0.00,1.99,6.69,11.39,16.09,20.79,25.49,30.19,34.90,39.60,90.61,90.61,90.61,90.61,90.61
1980-05-11,0.00,0.00,0.00,0.00,0.00,0.00,2.87,7.57,12.27,16.97,21.67,26.37,31.07,35.77,40.48,91.49,91.49,91.49,91.49,91.49
1980-05-12,0.00,0.00,0.00,0.00,0.00,0.00,3.68,8.38,13.08,17.78,22.48,27.18,31.88,36.58,41.28,92.29,92.29,92.29,92.29,92.29
1980-05-13,0.00,0.00,0.00,0.00,0.00,0.00,2.50,7.20,11.90,16.60,21.30,26.00,30.70,35.40,40.10,91.12,91.12,91.12,91.12,91.12
1980-05-14,0.00,0.00,0.00,0.00,0.00,0.00,0.00,2.61,7.31,12.01,16.71,21.41,26.11,30.81,35.51,86.52,86.52,86.52,86.52,86.52
1980-05-15,0.00,0.00,0.00,0.00,0.00,0.00,0.00,3.93,8.63,13.33,18.03,22.73,27.43,32.13,36.83,87.85,87.85,87.85,87.85,87.85
1980-05-16,0.00,0.00,0.00,0.00,0.00,0.00,0.39,5.09,9.79,14.49,19.19,23.89,28.59,33.29,37.99,89.01,89.01,89.01,89.01,89.01
1980-05-17,0.00,0.00,0.00,0.00,0.00,0.00,1.42,6.12,10.82,15.52,20.22,24.92,29.62,34.33,39.03,90.04,90.04,90.04,90.04,90.04
1980-05-18,0.00,0.00,0.00,0.00,0.00,0.00,2.35,7.05,11.75,16.45,21.16,25.86,30.56,35.26,39.96,90.97,90.97,90.97,90.97,90.97
1980-05-19,0.00,0.00,0.00,0.00,0.00,0.00,3.20,7.90,12.60,17.30,22.00,26.70,31.40,36.10,40.81,91.82,91.82,91.82,91.82,91.82
1980-05-20,0.00,0.00,0.00,0.00,0.00,0.00,3.97,8.67,13.37,18.07,22.77,27.47,32.17,36.87,41.57,92.58,92.58,92.58,92.58,92.58
1980-05-21,0.00,0.00,0.00,0.00,0.00,0.00,4.69,9.39,14.09,18.79,23.49,28.19,32.89,37.59,42.29,93.30,93.30,93.30,93.30,93.30
1980-05-22,0.00,0.00,0.00,0.00,0.00,0.00,3.56,8.26,12.96,17.66,22.36,27.06,31.76,36.46,41.16,92.18,92.18,92.18,92.18,92.18
1980-05-23,0.00,0.00,0.00,0.00,0.00,0.00,4.31,9.01,13.71,18.41,23.11,27.81,32.51,37.21,41.91,92.93,92.93,92.93,92.93,92.93
1980-05-24,0.00,0.00,0.00,0.00,0.00,0.31,5.01,9.71,14.41,19.11,23.81,28.51,33.21,37.91,42.61,93.63,93.63,93.63,93.63,93.63
1980-05-25,0.00,0.00,0.00,0.00,0.00,0.96,5.66,10.36,15.06,19.76,24.46,29.16,33.86,38.56,43.26,94.28,94.28,94.28,94.28,94.28
1980-05-26,0.00,0.00,0.00,0.00,0.00,1.57,6.27,10.97,15.67,20.37,25.07,29.77,34.47,39.17,43.87,94.89,94.89,94.89,94.89,94.89
1980-05-27,0.00,0.00,0.00,0.00,0.00,2.14,6.84,11.54,16.24,20.94,25.64,30.34,35.05,39.75,44.45,95.46,95.46,95.46,95.46,95.46
1980-05-28,0.00,0.00,0.00,0.00,0.00,2.68,7.38,12.09,16.79,21.49,26.19,30.89,35.59,40.29,44.99,96.00,96.00,96.00,96.00,96.00
1980-05-29,0.00,0.00,0.00,0.00,0.00,3.20,7.90,12.60,17.30,22.00,26.70,31.40,36.10,40.80,45.50,96.51,96.51,96.51,96.51,96.51
1980-05-30,0.00,0.00,0.00,0.00,0.00,3.68,8.39,13.09,17.79,22.49,27.19,31.89,36.59,41.29,45.99,97.00,97.00,97.00,97.00,97.00
1980-05-31,0.00,0.00,0.00,0.00,0.00,4.15,8.85,13.55,18.25,22.95,27.65,32.35,37.05,41.75,46.45,97.47,97.47,97.47,97.47,97.47
1980-06-01,0.00,0.00,0.00,0.00,0.00,4.59,9.29,13.99,18.69,23.39,28.09,32.79,37.49,42.19,46.90,97.91,97.91,97.91,97.91,97.91
1980-06-02,0.00,0.00,0.00,0.00,0.32,5.02,9.72,14.42,19.12,23.82,28.52,33.22,37.92,42.62,47.32,98.33,98.33,98.33,98.33,98.33
1980-06-03,0.00,0.00,0.00,0.00,0.00,4.23,8.94,13.64,18.34,23.04,27.74,32.44,37.14,41.84,46.54,97.55,97.55,97.55,97.55,97.55
1980-06-04,0.00,0.00,0.00,0.00,0.00,4.47,9.17,13.88,18.58,23.28,27.98,32.68,37.38,42.08,46.78,97.79,97.79,97.79,97.79,97.79
1980-06-05,0.00,0.00,0.00,0.00,0.20,4.90,9.60,14.30,19.00,23.70,28.41,33.11,37.81,42.51,47.21,98.22,98.22,98.22,98.22,98.22
1980-06-06,0.00,0.00,0.00,0.00,0.61,5.31,10.01,14.71,19.42,24.12,28.82,33.52,38.22,42.92,47.62,98.63,98.63,98.63,98.63,98.63
1980-06-07,0.00,0.00,0.00,0.00,1.01,5.71,10.41,15.11,19.81,24.51,29.21,33.91,38.61,43.31,48.01,99.02,99.02,99.02,99.02,99.02
1980-06-08,0.00,0.00,0.00,0.00,1.39,6.09,10.79,15.49,20.19,24.89,29.59,34.29,38.99,43.69,48.39,99.40,99.40,99.40,99.40,99.40
1980-06-09,0.00,0.00,0.00,0.00,1.75,6.45,11.15,15.85,20.55,25.25,29.95,34.65,39.36,44.06,48.76,99.77,99.77,99.77,99.77,99.77
1980-06-10,0.00,0.00,0.00,0.00,0.64,5.34,10.04,14.75,19.45,24.15,28.85,33.55,38.25,42.95,47.65,98.66,98.66,98.66,98.66,98.66
1980-06-11,0.00,0.00,0.00,0.00,1.04,5.74,10.44,15.14,19.84,24.54,29.24,33.94,38.64,43.34,48.04,99.05,99.05,99.05,99.05,99.05
1980-06-12,0.00,0.00,0.00,0.00,1.42,6.12,10.82,15.52,20.22,24.92,29.62,34.32,39.02,43.72,48.42,99.43,99.43,99.43,99.43,99.43
1980-06-13,0.00,0.00,0.00,0.00,1.74,6.44,11.14,15.84,20.54,25.24,29.94,34.64,39.34,44.04,48.74,99.76,99.76,99.76,99.76,99.76
1980-06-14,0.00,0.00,0.00,0.00,2.09,6.79,11.49,16.19,20.89,25.59,30.29,35.00,39.70,44.40,49.10,100.11,100.11,100.11,100.11,100.11
1980-06-15,0.00,0.00,0.00,0.00,2.43,7.13,11.83,16.53,21.23,25.93,30.63,35.34,40.04,44.74,49.44,100.45,100.45,100.45,100.45,100.45
1980-06-16,0.00,0.00,0.00,0.00,2.76,7.46,12.16,16.86,21.56,26.26,30.96,35.66,40.36,45.06,49.77,100.78,100.78,100.78,100.78,100.78
1980-06-17,0.00,0.00,0.00,0.00,3.08,7.78,12.48,17.18,21.88,26.58,31.28,35.98,40.68,45.38,50.08,101.10,101.10,101.10,101.10,101.10
1980-06-18,0.00,0.00,0.00,0.00,3.39,8.09,12.79,17.49,22.19,26.89,31.59,36.29,40.99,45.69,50.39,101.40,101.40,101.40,101.40,101.40
1980-06-19,0.00,0.00,0.00,0.00,3.69,8.39,13.09,17.79,22.49,27.19,31.89,36.59,41.29,45.99,50.69,101.70,101.70,101.70,101.70,101.70
1980-06-20,0.00,0.00,0.00,0.00,3.98,8.68,13.38,18.08,22.78,27.48,32.18,36.88,41.58,46.28,50.98,101.99,101.99,101.99,101.99,101.99
1980-06-21,0.00,0.00,0.00,0.00,4.26,8.96,13.66,18.36,23.06,27.76,32.46,37.16,41.86,46.56,51.26,102.28,102.28,102.28,102.28,102.28
1980-06-22,0.00,0.00,0.00,0.00,4.53,9.23,13.93,18.63,23.33,28.03,32.73,37.44,42.14,46.84,51.54,102.55,102.55,102.55,102.55,102.55
1980-06-23,0.00,0.00,0.00,0.10,4.80,9.50,14.20,18.90,23.60,28.30,33.00,37.70,42.40,47.10,51.80,102.82,102.82,102.82,102.82,102.82
1980-06-24,0.00,0.00,0.00,0.36,5.06,9.76,14.46,19.16,23.86,28.56,33.26,37.96,42.66,47.36,52.06,103.08,103.08,103.08,103.08,103.08
1980-06-25,0.00,0.00,0.00,0.61,5.31,10.01,14.71,19.41,24.11,28.81,33.51,38.21,42.91,47.61,52.31,103.33,103.33,103.33,103.33,103.33
1980-06-26,0.00,0.00,0.00,0.86,5.56,10.26,14.96,19.66,24.36,29.06,33.76,38.46,43.16,47.86,52.56,103.57,103.57,103.57,103.57,103.57
1980-06-27,0.00,0.00,0.00,1.10,5.80,10.50,15.20,19.90,24.60,29.30,34.00,38.70,43.40,48.10,52.80,103.82,103.82,103.82,103.82,103.82
1980-06-28,0.00,0.00,0.00,1.33,6.03,10.73,15.43,20.13,24.83,29.54,34.24,38.94,43.64,48.34,53.04,104.05,104.05,104.05,104.05,104.05
1980-06-29,0.00,0.00,0.00,1.56,6.26,10.96,15.66,20.36,25.06,29.76,34.46,39.17,43.87,48.57,53.27,104.28,104.28,104.28,104.28,104.28
1980-06-30,0.00,0.00,0.00,0.00,2.39,7.09,11.79,16.49,21.19,25.89,30.59,35.29,39.99,44.69,49.39,100.41,100.41,100.41,100.41,100.41
1980-07-01,0.00,0.00,0.00,0.00,0.66,5.36,10.06,14.76,19.46,24.16,28.86,33.56,38.26,42.96,47.66,98.68,98.68,98.68,98.68,98.68
1980-07-02,0.00,0.00,0.00,0.00,1.05,5.75,10.45,15.15,19.85,24.55,29.25,33.95,38.65,43.35,48.06,99.07,99.07,99.07,99.07,99.07
1980-07-03,0.00,0.00,0.00,0.00,1.43,6.13,10.83,15.53,20.23,24.93,29.63,34.33,39.03,43.73,48.43,99.45,99.45,99.45,99.45,99.45
1980-07-04,0.00,0.00,0.00,0.00,1.79,6.49,11.19,15.89,20.59,25.29,29.99,34.70,39.40,44.10,48.80,99.81,99.81,99.81,99.81,99.81
1980-07-05,0.00,0.00,0.00,0.00,2.14,6.84,11.54,16.24,20.94,25.64,30.35,35.05,39.75,44.45,49.15,100.16,100.16,100.16,100.16,100.16
1980-07-06,0.00,0.00,0.00,0.00,1.37,6.07,10.77,15.47,20.17,24.87,29.57,34.27,38.97,43.67,48.37,99.39,99.39,99.39,99.39,99.39
1980-07-07,0.00,0.00,0.00,0.00,1.74,6.44,11.14,15.84,20.54,25.24,29.94,34.64,39.34,44.04,48.74,99.75,99.75,99.75,99.75,99.75
1980-07-08,0.00,0.00,0.00,0.00,2.09,6.79,11.49,16.19,20.89,25.59,30.29,34.99,39.69,44.39,49.09,100.11,100.11,100.11,100.11,100.11
1980-07-09,0.00,0.00,0.00,0.00,2.43,7.13,11.83,16.53,21.23,25.93,30.63,35.33,40.03,44.73,49.43,100.45,100.45,100.45,100.45,100.45
1980-07-10,0.00,0.00,0.00,0.00,2.76,7.46,12.16,16.86,21.56,26.26,30.96,35.66,40.36,45.06,49.76,100.77,100.77,100.77,100.77,100.77
1980-07-11,0.00,0.00,0.00,0.00,3.08,7.78,12.48,17.18,21.88,26.58,31.28,35.98,40.68,45.38,50.08,101.09,101.09,101.09,101.09,101.09
1980-07-12,0.00,0.00,0.00,0.00,3.38,8.08,12.79,17.49,22.19,26.89,31.59,36.29,40.99,45.69,50.39,101.40,101.40,101.40,101.40,101.40
1980-07-13,0.00,0.00,0.00,0.00,3.68,8.38,13.08,17.78,22.48,27.18,31.89,36.59,41.29,45.99,50.69,101.70,101.70,101.70,101.70,101.70
1980-07-14,0.00,0.00,0.00,0.00,3.97,8.67,13.37,18.07,22.77,27.48,32.18,36.88,41.58,46.28,50.98,101.99,101.99,101.99,101.99,101.99
1980-07-15,0.00,0.00,0.00,0.00,4.26,8.96,13.66,18.36,23.06,27.76,32.46,37.16,41.86,46.56,51.26,102.27,102.27,102.27,102.27,102.27
1980-07-16,0.00,0.00,0.00,0.00,4.53,9.23,13.93,18.63,23.33,28.03,32.73,37.43,42.13,46.83,51.53,102.55,102.55,102.55,102.55,102.55
1980-07-17,0.00,0.00,0.00,0.10,4.80,9.50,14.20,18.90,23.60,28.30,33.00,37.70,42.40,47.10,51.80,102.81,102.81,102.81,102.81,102.81
1980-07-18,0.00,0.00,0.00,0.36,5.06,9.76,14.46,19.16,23.86,28.56,33.26,37.96,42.66,47.36,52.06,103.07,103.07,103.07,103.07,103.07
1980-07-19,0.00,0.00,0.00,0.61,5.31,10.01,14.71,19.41,24.11,28.81,33.51,38.21,42.91,47.61,52.31,103.32,103.32,103.32,103.32,103.32
1980-07-20,0.00,0.00,0.00,0.85,5.56,10.26,14.96,19.66,24.36,29.06,33.76,38.46,43.16,47.86,52.56,103.57,103.57,103.57,103.57,103.57
1980-07-21,0.00,0.00,0.00,1.10,5.80,10.50,15.20,19.90,24.60,29.30,34.00,38.70,43.40,48.10,52.80,103.81,103.81,103.81,103.81,103.81
1980-07-22,0.00,0.00,0.00,1.33,6.03,10.73,15.43,20.13,24.83,29.53,34.23,38.93,43.63,48.33,53.03,104.05,104.05,104.05,104.05,104.05
1980-07-23,0.00,0.00,0.00,0.82,5.52,10.22,14.92,19.62,24.32,29.03,33.73,38.43,43.13,47.83,52.53,103.54,103.54,103.54,103.54,103.54
1980-07-24,0.00,0.00,0.00,0.00,3.91,8.61,13.31,18.01,22.72,27.42,32.12,36.82,41.52,46.22,50.92,101.93,101.93,101.93,101.93,101.93
1980-07-25,0.00,0.00,0.00,0.00,4.20,8.90,13.60,18.30,23.00,27.70,32.40,37.10,41.80,46.50,51.20,102.21,102.21,102.21,102.21,102.21
1980-07-26,0.00,0.00,0.00,0.00,4.47,9.17,13.87,18.57,23.27,27.97,32.67,37.38,42.08,46.78,51.48,102.49,102.49,102.49,102.49,102.49
1980-07-27,0.00,0.00,0.00,0.04,4.74,9.44,14.14,18.84,23.54,28.24,32.94,37.64,42.34,47.04,51.74,102.76,102.76,102.76,102.76,102.76
1980-07-28,0.00,0.00,0.00,0.30,5.00,9.70,14.40,19.10,23.80,28.50,33.20,37.90,42.60,47.31,52.01,103.02,103.02,103.02,103.02,103.02
1980-07-29,0.00,0.00,0.00,0.56,5.26,9.96,14.66,19.36,24.06,28.76,33.46,38.16,42.86,47.56,52.26,103.27,103.27,103.27,103.27,103.27
1980-07-30,0.00,0.00,0.00,0.00,2.50,7.20,11.90,16.60,21.30,26.00,30.70,35.40,40.10,44.80,49.50,100.51,100.51,100.51,100.51,100.51
1980-07-31,0.00,0.00,0.00,0.00,2.82,7.52,12.22,16.92,21.62,26.33,31.03,35.73,40.43,45.13,49.83,100.84,100.84,100.84,100.84,100.84
1980-08-01,0.00,0.00,0.00,0.00,3.14,7.84,12.54,17.24,21.94,26.64,31.34,36.04,40.74,45.44,50.14,101.16,101.16,101.16,101.16,101.16
1980-08-02,0.00,0.00,0.00,0.00,3.45,8.15,12.85,17.55,22.25,26.95,31.65,36.35,41.05,45.75,50.45,101.46,101.46,101.46,101.46,101.46
1980-08-03,0.00,0.00,0.00,0.00,3.18,7.88,12.58,17.28,21.98,26.68,31.38,36.08,40.78,45.48,50.18,101.19,101.19,101.19,101.19,101.19
1980-08-04,0.00,0.00,0.00,0.00,3.48,8.18,12.88,17.58,22.28,26.98,31.68,36.38,41.08,45.79,50.49,101.50,101.50,101.50,101.50,101.50
1980-08-05,0.00,0.00,0.00,0.00,3.78,8.48,13.18,17.88,22.58,27.28,31.98,36.68,41.38,46.08,50.78,101.79,101.79,101.79,101.79,101.79
1980-08-06,0.00,0.00,0.00,0.00,4.07,8.77,13.47,18.17,22.87,27.57,32.27,36.97,41.67,46.37,51.07,102.08,102.08,102.08,102.08,102.08
1980-08-07,0.00,0.00,0.00,0.00,4.34,9.05,13.75,18.45,23.15,27.85,32.55,37.25,41.95,46.65,51.35,102.36,102.36,102.36,102.36,102.36
1980-08-08,0.00,0.00,0.00,0.00,4.62,9.32,14.02,18.72,23.42,28.12,32.82,37.52,42.22,46.92,51.62,102.63,102.63,102.63,102.63,102.63
1980-08-09,0.00,0.00,0.00,0.18,4.88,9.58,14.28,18.98,23.68,28.38,33.08,37.78,42.48,47.18,51.88,102.90,102.90,102.90,102.90,102.90
1980-08-10,0.00,0.00,0.00,0.44,5.14,9.84,14.54,19.24,23.94,28.64,33.34,38.04,42.74,47.44,52.14,103.15,103.15,103.15,103.15,103.15
1980-08-11,0.00,0.00,0.00,0.69,5.39,10.09,14.79,19.49,24.19,28.89,33.59,38.29,42.99,47.69,52.39,103.41,103.41,103.41,103.41,103.41
1980-08-12,0.00,0.00,0.00,0.76,5.46,10.16,14.86,19.56,24.26,28.96,33.66,38.36,43.06,47.76,52.46,103.48,103.48,103.48,103.48,103.48
1980-08-13,0.00,0.00,0.00,1.00,5.70,10.40,15.10,19.80,24.50,29.21,33.91,38.61,43.31,48.01,52.71,103.72,103.72,103.72,103.72,103.72
1980-08-14,0.00,0.00,0.00,1.24,5.94,10.64,15.34,20.04,24.74,29.44,34.14,38.84,43.54,48.24,52.94,103.96,103.96,103.96,103.96,103.96
1980-08-15,0.00,0.00,0.00,1.47,6.17,10.87,15.57,20.27,24.97,29.67,34.37,39.07,43.77,48.48,53.18,104.19,104.19,104.19,104.19,104.19
1980-08-16,0.00,0.00,0.00,1.70,6.40,11.10,15.80,20.50,25.20,29.90,34.60,39.30,44.00,48.70,53.40,104.41,104.41,104.41,104.41,104.41
1980-08-17,0.00,0.00,0.00,1.92,6.62,11.32,16.02,20.72,25.42,30.12,34.82,39.52,44.22,48.92,53.62,104.64,104.64,104.64,104.64,104.64
1980-08-18,0.00,0.00,0.00,2.14,6.84,11.54,16.24,20.94,25.64,30.34,35.04,39.74,44.44,49.14,53.84,104.85,104.85,104.85,104.85,104.85
1980-08-19,0.00,0.00,0.00,2.35,7.05,11.75,16.45,21.15,25.85,30.55,35.25,39.95,44.65,49.35,54.05,105.06,105.06,105.06,105.06,105.06
1980-08-20,0.00,0.00,0.00,2.55,7.25,11.96,16.66,21.36,26.06,30.76,35.46,40.16,44.86,49.56,54.26,105.27,105.27,105.27,105.27,105.27
1980-08-21,0.00,0.00,0.00,2.76,7.46,12.16,16.86,21.56,26.26,30.96,35.66,40.36,45.06,49.76,54.46,105.47,105.47,105.47,105.47,105.47
1980-08-22,0.00,0.00,0.00,2.96,7.66,12.36,17.06,21.76,26.46,31.16,35.86,40.56,45.26,49.96,54.66,105.67,105.67,105.67,105.67,105.67
1980-08-23,0.00,0.00,0.00,3.15,7.85,12.55,17.25,21.95,26.65,31.35,36.05,40.75,45.45,50.15,54.86,105.87,105.87,105.87,105.87,105.87
1980-08-24,0.00,0.00,0.00,3.34,8.04,12.74,17.44,22.14,26.84,31.54,36.25,40.95,45.65,50.35,55.05,106.06,106.06,106.06,106.06,106.06
1980-08-25,0.00,0.00,0.00,3.53,8.23,12.93,17.63,22.33,27.03,31.73,36.43,41.13,45.83,50.53,55.23,106.25,106.25,106.25,106.25,106.25
1980-08-26,0.00,0.00,0.00,3.71,8.41,13.12,17.82,22.52,27.22,31.92,36.62,41.32,46.02,50.72,55.42,106.43,106.43,106.43,106.43,106.43
1980-08-27,0.00,0.00,0.00,3.90,8.60,13.30,18.00,22.70,27.40,32.10,36.80,41.50,46.20,50.90,55.60,106.61,106.61,106.61,106.61,106.61
1980-08-28,0.00,0.00,0.00,4.07,8.77,13.47,18.17,22.87,27.57,32.27,36.98,41.68,46.38,51.08,55.78,106.79,106.79,106.79,106.79,106.79
1980-08-29,0.00,0.00,0.00,4.25,8.95,13.65,18.35,23.05,27.75,32.45,37.15,41.85,46.55,51.25,55.95,106.96,106.96,106.96,106.96,106.96
1980-08-30,0.00,0.00,0.00,4.42,9.12,13.82,18.52,23.22,27.92,32.62,37.32,42.02,46.72,51.42,56.12,107.14,107.14,107.14,107.14,107.14
1980-08-31,0.00,0.00,0.00,4.59,9.29,13.99,18.69,23.39,28.09,32.79,37.49,42.19,46.89,51.59,56.29,107.30,107.30,107.30,107.30,107.30
1980-09-01,0.00,0.00,0.05,4.75,9.45,14.15,18.85,23.55,28.25,32.95,37.66,42.36,47.06,51.76,56.46,107.47,107.47,107.47,107.47,107.47
1980-09-02,0.00,0.00,0.22,4.92,9.62,14.32,19.02,23.72,28.42,33.12,37.82,42.52,47.22,51.92,56.62,107.63,107.63,107.63,107.63,107.63
1980-09-03,0.00,0.00,0.38,5.08,9.78,14.48,19.18,23.88,28.58,33.28,37.98,42.68,47.38,52.08,56.78,107.79,107.79,107.79,107.79,107.79
1980-09-04,0.00,0.00,0.53,5.23,9.93,14.63,19.33,24.04,28.74,33.44,38.14,42.84,47.54,52.24,56.94,107.95,107.95,107.95,107.95,107.95
1980-09-05,0.00,0.00,0.69,5.39,10.09,14.79,19.49,24.19,28.89,33.59,38.29,42.99,47.69,52.39,57.09,108.11,108.11,108.11,108.11,108.11
1980-09-06,0.00,0.00,0.84,5.54,10.24,14.94,19.64,24.34,29.04,33.74,38.44,43.14,47.84,52.55,57.25,108.26,108.26,108.26,108.26,108.26
1980-09-07,0.00,0.00,0.99,5.69,10.39,15.09,19.79,24.49,29.19,33.89,38.59,43.30,48.00,52.70,57.40,108.41,108.41,108.41,108.41,108.41
1980-09-08,0.00,0.00,1.14,5.84,10.54,15.24,19.94,24.64,29.34,34.04,38.74,43.44,48.14,52.84,57.54,108.56,108.56,108.56,108.56,108.56
1980-09-09,0.00,0.00,1.29,5.99,10.69,15.39,20.09,24.79,29.49,34.19,38.89,43.59,48.29,52.99,57.69,108.70,108.70,108.70,108.70,108.70
1980-09-10,0.00,0.00,1.43,6.13,10.83,15.53,20.23,24.93,29.63,34.33,39.03,43.73,48.43,53.13,57.83,108.85,108.85,108.85,108.85,108.85
1980-09-11,0.00,0.00,1.57,6.27,10.97,15.67,20.37,25.07,29.77,34.47,39.18,43.88,48.58,53.28,57.98,108.99,108.99,108.99,108.99,108.99
1980-09-12,0.00,0.00,1.71,6.41,11.11,15.81,20.51,25.21,29.91,34.61,39.32,44.02,48.72,53.42,58.12,109.13,109.13,109.13,109.13,109.13
1980-09-13,0.00,0.00,1.85,6.55,11.25,15.95,20.65,25.35,30.05,34.75,39.45,44.15,48.85,53.55,58.25,109.27,109.27,109.27,109.27,109.27
1980-09-14,0.00,0.00,1.99,6.69,11.39,16.09,20.79,25.49,30.19,34.89,39.59,44.29,48.99,53.69,58.39,109.40,109.40,109.40,109.40,109.40
1980-09-15,0.00,0.00,2.12,6.82,11.52,16.22,20.92,25.62,30.32,35.02,39.72,44.42,49.12,53.82,58.53,109.54,109.54,109.54,109.54,109.54
1980-09-16,0.00,0.00,2.25,6.95,11.65,16.35,21.05,25.76,30.46,35.16,39.86,44.56,49.26,53.96,58.66,109.67,109.67,109.67,109.67,109.67
1980-09-17,0.00,0.00,2.38,7.08,11.78,16.49,21.19,25.89,30.59,35.29,39.99,44.69,49.39,54.09,58.79,109.80,109.80,109.80,109.80,109.80
1980-09-18,0.00,0.00,0.00,2.61,7.31,12.01,16.71,21.41,26.11,30.81,35.51,40.21,44.91,49.61,54.31,105.33,105.33,105.33,105.33,105.33
1980-09-19,0.00,0.00,0.00,0.00,3.57,8.27,12.97,17.67,22.37,27.07,31.77,36.47,41.17,45.87,50.58,101.59,101.59,101.59,101.59,101.59
1980-09-20,0.00,0.00,0.00,0.00,3.87,8.57,13.27,17.97,22.67,27.37,32.07,36.77,41.47,46.17,50.87,101.88,101.88,101.88,101.88,101.88
1980-09-21,0.00,0.00,0.00,0.00,4.15,8.85,13.55,18.25,22.95,27.65,32.35,37.05,41.75,46.45,51.15,102.17,102.17,102.17,102.17,102.17
1980-09-22,0.00,0.00,0.00,0.00,4.43,9.13,13.83,18.53,23.23,27.93,32.63,37.33,42.03,46.73,51.43,102.44,102.44,102.44,102.44,102.44
1980-09-23,0.00,0.00,0.00,0.00,4.70,9.40,14.10,18.80,23.50,28.20,32.90,37.60,42.30,47.00,51.70,102.71,102.71,102.71,102.71,102.71
1980-09-24,0.00,0.00,0.00,0.26,4.96,9.66,14.36,19.06,23.76,28.46,33.16,37.86,42.56,47.26,51.96,102.97,102.97,102.97,102.97,102.97
1980-09-25,0.00,0.00,0.00,0.51,5.21,9.91,14.61,19.31,24.02,28.72,33.42,38.12,42.82,47.52,52.22,103.23,103.23,103.23,103.23,103.23
1980-09-26,0.00,0.00,0.00,0.00,4.34,9.04,13.74,18.44,23.14,27.84,32.54,37.24,41.94,46.64,51.34,102.36,102.36,102.36,102.36,102.36
1980-09-27,0.00,0.00,0.00,0.00,3.44,8.14,12.84,17.54,22.24,26.95,31.65,36.35,41.05,45.75,50.45,101.46,101.46,101.46,101.46,101.46
1980-09-28,0.00,0.00,0.00,0.00,3.74,8.44,13.14,17.84,22.54,27.24,31.94,36.64,41.34,46.04,50.74,101.76,101.76,101.76,101.76,101.76
1980-09-29,0.00,0.00,0.00,0.00,4.03,8.73,13.43,18.13,22.83,27.53,32.23,36.93,41.63,46.33,51.03,102.05,102.05,102.05,102.05,102.05
1980-09-30,0.00,0.00,0.00,0.00,4.31,9.01,13.71,18.41,23.11,27.81,32.51,37.21,41.91,46.61,51.31,102.33,102.33,102.33,102.33,102.33
1980-10-01,0.00,0.00,0.00,0.00,4.58,9.28,13.98,18.68,23.38,28.08,32.78,37.48,42.18,46.88,51.59,102.60,102.60,102.60,102.60,102.60
1980-10-02,0.00,0.00,0.00,0.15,4.85,9.55,14.25,18.95,23.65,28.35,33.05,37.75,42.45,47.15,51.85,102.86,102.86,102.86,102.86,102.86
1980-10-03,0.00,0.00,0.00,0.00,1.58,6.28,10.98,15.68,20.38,25.08,29.78,34.48,39.18,43.88,48.58,99.59,99.59,99.59,99.59,99.59
1980-10-04,0.00,0.00,0.00,0.00,0.33,5.03,9.73,14.43,19.13,23.83,28.53,33.23,37.93,42.63,47.33,98.35,98.35,98.35,98.35,98.35
1980-10-05,0.00,0.00,0.00,0.00,0.74,5.44,10.14,14.84,19.54,24.24,28.94,33.64,38.34,43.04,47.74,98.75,98.75,98.75,98.75,98.75
1980-10-06,0.00,0.00,0.00,0.00,1.13,5.83,10.53,15.23,19.93,24.63,29.33,34.03,38.73,43.43,48.13,99.14,99.14,99.14,99.14,99.14
1980-10-07,0.00,0.00,0.00,0.00,1.50,6.20,10.90,15.60,20.30,25.00,29.70,34.40,39.10,43.80,48.50,99.52,99.52,99.52,99.52,99.52
1980-10-08,0.00,0.00,0.00,0.00,1.86,6.56,11.26,15.96,20.66,25.36,30.06,34.76,39.46,44.17,48.87,99.88,99.88,99.88,99.88,99.88
1980-10-09,0.00,0.00,0.00,0.00,2.21,6.91,11.61,16.31,21.01,25.71,30.41,35.11,39.81,44.51,49.21,100.23,100.23,100.23,100.23,100.23
1980-10-10,0.00,0.00,0.00,0.00,2.55,7.25,11.95,16.65,21.35,26.05,30.75,35.45,40.15,44.85,49.55,100.56,100.56,100.56,100.56,100.56
1980-10-11,0.00,0.00,0.00,0.00,2.87,7.57,12.27,16.97,21.67,26.37,31.07,35.77,40.47,45.17,49.87,100.89,100.89,100.89,100.89,100.89
1980-10-12,0.00,0.00,0.00,0.00,3.19,7.89,12.59,17.29,21.99,26.69,31.39,36.09,40.79,45.49,50.19,101.20,101.20,101.20,101.20,101.20
1980-10-13,0.00,0.00,0.00,0.00,3.49,8.19,12.89,17.59,22.29,26.99,31.69,36.39,41.09,45.79,50.49,101.51,101.51,101.51,101.51,101.51
1980-10-14,0.00,0.00,0.00,0.00,3.79,8.49,13.19,17.89,22.59,27.29,31.99,36.69,41.39,46.09,50.79,101.80,101.80,101.80,101.80,101.80
1980-10-15,0.00,0.00,0.00,0.00,4.07,8.77,13.47,18.17,22.88,27.58,32.28,36.98,41.68,46.38,51.08,102.09,102.09,102.09,102.09,102.09
1980-10-16,0.00,0.00,0.00,0.00,4.35,9.05,13.75,18.45,23.15,27.85,32.56,37.26,41.96,46.66,51.36,102.37,102.37,102.37,102.37,102.37
1980-10-17,0.00,0.00,0.00,0.00,4.62,9.32,14.03,18.73,23.43,28.13,32.83,37.53,42.23,46.93,51.63,102.64,102.64,102.64,102.64,102.64
1980-10-18,0.00,0.00,0.00,0.19,4.89,9.59,14.29,18.99,23.69,28.39,33.09,37.79,42.49,47.19,51.89,102.90,102.90,102.90,102.90,102.90
1980-10-19,0.00,0.00,0.00,0.00,3.49,8.19,12.89,17.59,22.29,26.99,31.69,36.39,41.09,45.79,50.49,101.50,101.50,101.50,101.50,101.50
1980-10-20,0.00,0.00,0.00,0.00,3.78,8.48,13.18,17.88,22.58,27.28,31.98,36.68,41.38,46.08,50.78,101.80,101.80,101.80,101.80,101.80
1980-10-21,0.00,0.00,0.00,0.00,4.07,8.77,13.47,18.17,22.87,27.57,32.27,36.97,41.67,46.37,51.07,102.08,102.08,102.08,102.08,102.08
1980-10-22,0.00,0.00,0.00,0.00,4.35,9.05,13.75,18.45,23.15,27.85,32.55,37.25,41.95,46.65,51.35,102.36,102.36,102.36,102.36,102.36
1980-10-23,0.00,0.00,0.00,0.00,4.62,9.32,14.02,18.72,23.42,28.12,32.82,37.52,42.22,46.92,51.62,102.64,102.64,102.64,102.64,102.64
1980-10-24,0.00,0.00,0.00,0.18,4.88,9.58,14.28,18.98,23.68,28.38,33.09,37.79,42.49,47.19,51.89,102.90,102.90,102.90,102.90,102.90
1980-10-25,0.00,0.00,0.00,0.44,5.14,9.84,14.54,19.24,23.94,28.64,33.34,38.04,42.74,47.44,52.14,103.16,103.16,103.16,103.16,103.16
1980-10-26,0.00,0.00,0.00,0.00,0.00,0.00,4.24,8.94,13.64,18.34,23.04,27.74,32.44,37.14,41.84,92.86,92.86,92.86,92.86,92.86
1980-10-27,0.00,0.00,0.00,0.00,0.00,0.24,4.94,9.64,14.34,19.04,23.74,28.44,33.14,37.84,42.54,93.56,93.56,93.56,93.56,93.56
1980-10-28,0.00,0.00,0.00,0.00,0.00,0.90,5.60,10.30,15.00,19.70,24.40,29.10,33.80,38.50,43.20,94.21,94.21,94.21,94.21,94.21
1980-10-29,0.00,0.00,0.00,0.00,0.00,1.19,5.89,10.59,15.29,19.99,24.69,29.39,34.09,38.79,43.49,94.50,94.50,94.50,94.50,94.50
1980-10-30,0.00,0.00,0.00,0.00,0.00,1.78,6.48,11.19,15.89,20.59,25.29,29.99,34.69,39.39,44.09,95.10,95.10,95.10,95.10,95.10
1980-10-31,0.00,0.00,0.00,0.00,0.00,2.35,7.05,11.75,16.45,21.15,25.85,30.55,35.25,39.95,44.65,95.66,95.66,95.66,95.66,95.66
1980-11-01,0.00,0.00,0.00,0.00,0.00,2.88,7.58,12.28,16.98,21.68,26.38,31.08,35.78,40.48,45.18,96.19,96.19,96.19,96.19,96.19
1980-11-02,0.00,0.00,0.00,0.00,0.00,3.38,8.08,12.78,17.48,22.18,26.88,31.58,36.28,40.98,45.68,96.70,96.70,96.70,96.70,96.70
1980-11-03,0.00,0.00,0.00,0.00,0.00,3.86,8.56,13.26,17.96,22.66,27.36,32.06,36.76,41.46,46.16,97.17,97.17,97.17,97.17,97.17
1980-11-04,0.00,0.00,0.00,0.00,0.00,4.31,9.01,13.72,18.42,23.12,27.82,32.52,37.22,41.92,46.62,97.63,97.63,97.63,97.63,97.63
1980-11-05,0.00,0.00,0.00,0.00,0.00,3.42,8.12,12.82,17.52,22.22,26.92,31.62,36.32,41.02,45.72,96.74,96.74,96.74,96.74,96.74
1980-11-06,0.00,0.00,0.00,0.00,0.00,3.90,8.60,13.30,18.00,22.70,27.40,32.10,36.80,41.50,46.20,97.21,97.21,97.21,97.21,97.21
1980-11-07,0.00,0.00,0.00,0.00,0.00,4.35,9.05,13.75,18.45,23.15,27.85,32.55,37.25,41.95,46.65,97.67,97.67,97.67,97.67,97.67
1980-11-08,0.00,0.00,0.00,0.00,0.09,4.79,9.49,14.19,18.89,23.59,28.29,32.99,37.69,42.39,47.09,98.10,98.10,98.10,98.10,98.10
1980-11-09,0.00,0.00,0.00,0.00,0.50,5.20,9.90,14.60,19.30,24.00,28.70,33.40,38.10,42.80,47.50,98.52,98.52,98.52,98.52,98.52
1980-11-10,0.00,0.00,0.00,0.00,0.00,4.29,8.99,13.69,18.39,23.09,27.79,32.49,37.19,41.89,46.59,97.60,97.60,97.60,97.60,97.60
1980-11-11,0.00,0.00,0.00,0.00,0.00,4.38,9.08,13.78,18.48,23.18,27.88,32.58,37.28,41.98,46.68,97.69,97.69,97.69,97.69,97.69
1980-11-12,0.00,0.00,0.00,0.00,0.11,4.81,9.51,14.21,18.91,23.61,28.31,33.01,37.71,42.41,47.11,98.13,98.13,98.13,98.13,98.13
1980-11-13,0.00,0.00,0.00,0.00,0.52,5.22,9.92,14.63,19.33,24.03,28.73,33.43,38.13,42.83,47.53,98.54,98.54,98.54,98.54,98.54
1980-11-14,0.00,0.00,0.00,0.00,0.92,5.62,10.32,15.02,19.72,24.42,29.12,33.82,38.52,43.23,47.93,98.94,98.94,98.94,98.94,98.94
1980-11-15,0.00,0.00,0.00,0.00,1.30,6.00,10.71,15.41,20.11,24.81,29.51,34.21,38.91,43.61,48.31,99.32,99.32,99.32,99.32,99.32
1980-11-16,0.00,0.00,0.00,0.00,1.67,6.37,11.07,15.77,20.47,25.17,29.87,34.57,39.28,43.98,48.68,99.69,99.69,99.69,99.69,99.69
1980-11-17,0.00,0.00,0.00,0.00,2.03,6.73,11.43,16.13,20.83,25.53,30.23,34.93,39.63,44.33,49.03,100.04,100.04,100.04,100.04,100.04
1980-11-18,0.00,0.00,0.00,0.00,2.37,7.07,11.77,16.47,21.17,25.87,30.57,35.27,39.97,44.67,49.37,100.39,100.39,100.39,100.39,100.39
1980-11-19,0.00,0.00,0.00,0.00,0.00,3.08,7.78,12.48,17.18,21.88,26.58,31.28,35.98,40.68,45.38,96.39,96.39,96.39,96.39,96.39
1980-11-20,0.00,0.00,0.00,0.00,0.00,3.57,8.27,12.97,17.67,22.37,27.07,31.77,36.47,41.17,45.87,96.89,96.89,96.89,96.89,96.89
1980-11-21,0.00,0.00,0.00,0.00,0.00,4.04,8.74,13.44,18.14,22.84,27.54,32.24,36.94,41.64,46.34,97.36,97.36,97.36,97.36,97.36
1980-11-22,0.00,0.00,0.00,0.00,0.00,4.49,9.19,13.89,18.59,23.29,27.99,32.69,37.39,42.09,46.79,97.80,97.80,97.80,97.80,97.80
1980-11-23,0.00,0.00,0.00,0.00,0.00,4.53,9.23,13.93,18.63,23.33,28.03,32.73,37.43,42.13,46.83,97.85,97.85,97.85,97.85,97.85
1980-11-24,0.00,0.00,0.00,0.00,0.26,4.96,9.66,14.36,19.06,23.76,28.46,33.16,37.86,42.56,47.26,98.27,98.27,98.27,98.27,98.27
1980-11-25,0.00,0.00,0.00,0.00,0.00,0.00,3.44,8.14,12.84,17.54,22.24,26.94,31.64,36.34,41.04,92.05,92.05,92.05,92.05,92.05
1980-11-26,0.00,0.00,0.00,0.00,0.00,0.00,4.20,8.90,13.60,18.30,23.00,27.70,32.40,37.10,41.80,92.82,92.82,92.82,92.82,92.82
1980-11-27,0.00,0.00,0.00,0.00,0.00,0.21,4.91,9.61,14.31,19.01,23.71,28.41,33.11,37.81,42.51,93.52,93.52,93.52,93.52,93.52
1980-11-28,0.00,0.00,0.00,0.00,0.00,0.86,5.56,10.26,14.96,19.66,24.36,29.06,33.77,38.47,43.17,94.18,94.18,94.18,94.18,94.18
1980-11-29,0.00,0.00,0.00,0.00,0.00,0.00,4.36,9.06,13.76,18.46,23.16,27.86,32.56,37.26,41.96,92.97,92.97,92.97,92.97,92.97
1980-11-30,0.00,0.00,0.00,0.00,0.00,0.35,5.05,9.75,14.45,19.15,23.85,28.55,33.25,37.95,42.65,93.67,93.67,93.67,93.67,93.67
1980-12-01,0.00,0.00,0.00,0.00,0.00,1.00,5.70,10.40,15.10,19.80,24.50,29.20,33.90,38.60,43.30,94.31,94.31,94.31,94.31,94.31
1980-12-02,0.00,0.00,0.00,0.00,0.00,1.61,6.31,11.01,15.71,20.41,25.11,29.81,34.51,39.21,43.91,94.92,94.92,94.92,94.92,94.92
1980-12-03,0.00,0.00,0.00,0.00,0.00,2.18,6.88,11.58,16.28,20.98,25.68,30.38,35.08,39.78,44.48,95.49,95.49,95.49,95.49,95.49
1980-12-04,0.00,0.00,0.00,0.00,0.00,2.72,7.42,12.12,16.82,21.52,26.22,30.92,35.62,40.32,45.02,96.03,96.03,96.03,96.03,96.03
1980-12-05,0.00,0.00,0.00,0.00,0.00,3.23,7.93,12.63,17.33,22.03,26.73,31.43,36.13,40.83,45.53,96.54,96.54,96.54,96.54,96.54
1980-12-06,0.00,0.00,0.00,0.00,0.00,3.71,8.41,13.11,17.81,22.52,27.22,31.92,36.62,41.32,46.02,97.03,97.03,97.03,97.03,97.03
1980-12-07,0.00,0.00,0.00,0.00,0.00,4.18,8.88,13.58,18.28,22.98,27.68,32.38,37.08,41.78,46.48,97.49,97.49,97.49,97.49,97.49
1980-12-08,0.00,0.00,0.00,0.00,0.00,4.62,9.32,14.02,18.72,23.42,28.12,32.82,37.52,42.22,46.92,97.93,97.93,97.93,97.93,97.93
1980-12-09,0.00,0.00,0.00,0.00,0.34,5.04,9.74,14.44,19.14,23.84,28.54,33.24,37.94,42.64,47.34,98.36,98.36,98.36,98.36,98.36
1980-12-10,0.00,0.00,0.00,0.00,0.75,5.45,10.15,14.85,19.55,24.25,28.95,33.65,38.35,43.05,47.75,98.76,98.76,98.76,98.76,98.76
1980-12-11,0.00,0.00,0.00,0.00,1.14,5.84,10.54,15.24,19.94,24.64,29.34,34.04,38.74,43.44,48.14,99.15,99.15,99.15,99.15,99.15
1980-12-12,0.00,0.00,0.00,0.00,1.51,6.21,10.91,15.61,20.31,25.01,29.71,34.41,39.11,43.81,48.51,99.53,99.53,99.53,99.53,99.53
1980-12-13,0.00,0.00,0.00,0.00,1.87,6.57,11.27,15.97,20.67,25.37,30.07,34.77,39.47,44.17,48.87,99.89,99.89,99.89,99.89,99.89
1980-12-14,0.00,0.00,0.00,0.00,2.22,6.92,11.62,16.32,21.02,25.72,30.42,35.12,39.82,44.52,49.22,100.23,100.23,100.23,100.23,100.23
1980-12-15,0.00,0.00,0.00,0.00,2.55,7.25,11.95,16.66,21.36,26.06,30.76,35.46,40.16,44.86,49.56,100.57,100.57,100.57,100.57,100.57
1980-12-16,0.00,0.00,0.00,0.00,2.88,7.58,12.28,16.98,21.68,26.38,31.08,35.78,40.48,45.18,49.88,100.90,100.90,100.90,100.90,100.90
1980-12-17,0.00,0.00,0.00,0.00,2.77,7.47,12.17,16.87,21.57,26.27,30.97,35.67,40.37,45.07,49.77,100.78,100.78,100.78,100.78,100.78
1980-12-18,0.00,0.00,0.00,0.00,2.66,7.36,12.06,16.76,21.47,26.17,30.87,35.57,40.27,44.97,49.67,100.68,100.68,100.68,100.68,100.68
1980-12-19,0.00,0.00,0.00,0.00,2.99,7.69,12.39,17.09,21.79,26.49,31.19,35.89,40.59,45.29,49.99,101.00,101.00,101.00,101.00,101.00
1980-12-20,0.00,0.00,0.00,0.00,3.30,8.00,12.70,17.40,22.10,26.80,31.50,36.20,40.90,45.60,50.30,101.31,101.31,101.31,101.31,101.31
1980-12-21,0.00,0.00,0.00,0.00,3.60,8.30,13.00,17.70,22.40,27.10,31.80,36.50,41.20,45.90,50.60,101.61,101.61,101.61,101.61,101.61
1980-12-22,0.00,0.00,0.00,0.00,3.89,8.59,13.29,17.99,22.69,27.39,32.09,36.79,41.49,46.19,50.89,101.91,101.91,101.91,101.91,101.91
1980-12-23,0.00,0.00,0.00,0.00,4.17,8.88,13.58,18.28,22.98,27.68,32.38,37.08,41.78,46.48,51.18,102.19,102.19,102.19,102.19,102.19
1980-12-24,0.00,0.00,0.00,0.00,4.45,9.15,13.85,18.55,23.25,27.95,32.65,37.35,42.05,46.75,51.45,102.47,102.47,102.47,102.47,102.47
1980-12-25,0.00,0.00,0.00,0.02,4.72,9.42,14.12,18.82,23.52,28.22,32.92,37.62,42.32,47.02,51.72,102.74,102.74,102.74,102.74,102.74
1980-12-26,0.00,0.00,0.00,0.28,4.98,9.68,14.38,19.08,23.78,28.48,33.18,37.88,42.58,47.28,51.98,103.00,103.00,103.00,103.00,103.00
1980-12-27,0.00,0.00,0.00,0.54,5.24,9.94,14.64,19.34,24.04,28.74,33.44,38.14,42.84,47.54,52.24,103.25,103.25,103.25,103.25,103.25
1980-12-28,0.00,0.00,0.00,0.78,5.48,10.18,14.89,19.59,24.29,28.99,33.69,38.39,43.09,47.79,52.49,103.50,103.50,103.50,103.50,103.50
1980-12-29,0.00,0.00,0.00,0.58,5.28,9.98,14.68,19.38,24.08,28.78,33.48,38.18,42.88,47.58,52.28,103.30,103.30,103.30,103.30,103.30
1980-12-30,0.00,0.00,0.00,0.83,5.53,10.23,14.93,19.63,24.33,29.03,33.73,38.43,43.13,47.83,52.53,103.54,103.54,103.54,103.54,103.54
1980-12-31,0.00,0.00,0.00,1.07,5.77,10.47,15.17,19.87,24.57,29.27,33.97,38.67,43.37,48.07,52.77,103.79,103.79,103.79,103.79,103.79
1981-01-01,0.00,0.00,0.00,1.30,6.00,10.71,15.41,20.11,24.81,29.51,34.21,38.91,43.61,48.31,53.01,104.02,104.02,104.02,104.02,104.02
1981-01-02,0.00,0.00,0.00,1.53,6.24,10.94,15.64,20.34,25.04,29.74,34.44,39.14,43.84,48.54,53.24,104.25,104.25,104.25,104.25,104.25
1981-01-03,0.00,0.00,0.00,1.76,6.46,11.16,15.86,20.56,25.26,29.96,34.66,39.36,44.06,48.76,53.46,104.48,104.48,104.48,104.48,104.48
1981-01-04,0.00,0.00,0.00,1.98,6.68,11.38,16.08,20.78,25.48,30.18,34.88,39.58,44.28,48.98,53.68,104.70,104.70,104.70,104.70,104.70
1981-01-05,0.00,0.00,0.00,2.19,6.89,11.59,16.30,21.00,25.70,30.40,35.10,39.80,44.50,49.20,53.90,104.91,104.91,104.91,104.91,104.91
1981-01-06,0.00,0.00,0.00,2.40,7.11,11.81,16.51,21.21,25.91,30.61,35.31,40.01,44.71,49.41,54.11,105.12,105.12,105.12,105.12,105.12
1981-01-07,0.00,0.00,0.00,2.61,7.31,12.01,16.71,21.41,26.11,30.81,35.51,40.21,44.91,49.61,54.31,105.33,105.33,105.33,105.33,105.33
1981-01-08,0.00,0.00,0.00,2.38,7.08,11.78,16.48,21.18,25.88,30.58,35.28,39.98,44.68,49.38,54.08,105.10,105.10,105.10,105.10,105.10
1981-01-09,0.00,0.00,0.00,2.59,7.29,11.99,16.69,21.39,26.09,30.79,35.49,40.19,44.89,49.59,54.29,105.30,105.30,105.30,105.30,105.30
1981-01-10,0.00,0.00,0.00,2.79,7.49,12.19,16.89,21.59,26.29,30.99,35.69,40.39,45.09,49.79,54.49,105.50,105.50,105.50,105.50,105.50
1981-01-11,0.00,0.00,0.00,2.99,7.69,12.39,17.09,21.79,26.49,31.19,35.89,40.59,45.29,49.99,54.69,105.70,105.70,105.70,105.70,105.70
1981-01-12,0.00,0.00,0.00,3.18,7.88,12.58,17.28,21.98,26.68,31.38,36.08,40.78,45.48,50.18,54.88,105.90,105.90,105.90,105.90,105.90
1981-01-13,0.00,0.00,0.00,3.37,8.07,12.77,17.47,22.17,26.87,31.57,36.27,40.97,45.67,50.37,55.07,106.09,106.09,106.09,106.09,106.09
1981-01-14,0.00,0.00,0.00,3.56,8.26,12.96,17.66,22.36,27.06,31.76,36.46,41.16,45.86,50.56,55.26,106.27,106.27,106.27,106.27,106.27
1981-01-15,0.00,0.00,0.00,3.74,8.44,13.14,17.84,22.54,27.24,31.94,36.64,41.34,46.04,50.75,55.45,106.46,106.46,106.46,106.46,106.46
1981-01-16,0.00,0.00,0.00,3.92,8.62,13.32,18.02,22.72,27.42,32.12,36.82,41.52,46.22,50.93,55.63,106.64,106.64,106.64,106.64,106.64
1981-01-17,0.00,0.00,0.00,4.10,8.80,13.50,18.20,22.90,27.60,32.30,37.00,41.70,46.40,51.10,55.80,106.82,106.82,106.82,106.82,106.82
1981-01-18,0.00,0.00,0.00,4.27,8.97,13.67,18.37,23.07,27.77,32.47,37.18,41.88,46.58,51.28,55.98,106.99,106.99,106.99,106.99,106.99
1981-01-19,0.00,0.00,0.00,4.44,9.14,13.84,18.54,23.25,27.95,32.65,37.35,42.05,46.75,51.45,56.15,107.16,107.16,107.16,107.16,107.16
1981-01-20,0.00,0.00,0.00,4.61,9.31,14.01,18.71,23.41,28.11,32.81,37.51,42.21,46.91,51.62,56.32,107.33,107.33,107.33,107.33,107.33
1981-01-21,0.00,0.00,0.08,4.78,9.48,14.18,18.88,23.58,28.28,32.98,37.68,42.38,47.08,51.78,56.48,107.49,107.49,107.49,107.49,107.49
1981-01-22,0.00,0.00,0.24,4.94,9.64,14.34,19.04,23.74,28.44,33.14,37.84,42.54,47.24,51.94,56.64,107.66,107.66,107.66,107.66,107.66
1981-01-23,0.00,0.00,0.40,5.10,9.80,14.50,19.20,23.90,28.60,33.30,38.00,42.70,47.40,52.10,56.80,107.82,107.82,107.82,107.82,107.82
1981-01-24,0.00,0.00,0.56,5.26,9.96,14.66,19.36,24.06,28.76,33.46,38.16,42.86,47.56,52.26,56.96,107.97,107.97,107.97,107.97,107.97
1981-01-25,0.00,0.00,0.71,5.41,10.11,14.81,19.51,24.21,28.91,33.61,38.31,43.01,47.72,52.42,57.12,108.13,108.13,108.13,108.13,108.13
1981-01-26,0.00,0.00,0.86,5.56,10.26,14.97,19.67,24.37,29.07,33.77,38.47,43.17,47.87,52.57,57.27,108.28,108.28,108.28,108.28,108.28
1981-01-27,0.00,0.00,1.01,5.71,10.42,15.12,19.82,24.52,29.22,33.92,38.62,43.32,48.02,52.72,57.42,108.43,108.43,108.43,108.43,108.43
1981-01-28,0.00,0.00,1.16,5.86,10.56,15.26,19.96,24.66,29.36,34.06,38.77,43.47,48.17,52.87,57.57,108.58,108.58,108.58,108.58,108.58
1981-01-29,0.00,0.00,1.31,6.01,10.71,15.41,20.11,24.81,29.51,34.21,38.91,43.61,48.31,53.01,57.71,108.73,108.73,108.73,108.73,108.73
1981-01-30,0.00,0.00,1.45,6.15,10.85,15.55,20.25,24.95,29.65,34.35,39.05,43.76,48.46,53.16,57.86,108.87,108.87,108.87,108.87,108.87
1981-01-31,0.00,0.00,1.59,6.29,10.99,15.69,20.40,25.10,29.80,34.50,39.20,43.90,48.60,53.30,58.00,109.01,109.01,109.01,109.01,109.01
1981-02-01,0.00,0.00,1.73,6.43,11.13,15.83,20.53,25.24,29.94,34.64,39.34,44.04,48.74,53.44,58.14,109.15,109.15,109.15,109.15,109.15
1981-02-02,0.00,0.00,1.45,6.15,10.85,15.55,20.25,24.95,29.65,34.35,39.05,43.75,48.45,53.15,57.85,108.86,108.86,108.86,108.86,108.86
1981-02-03,0.00,0.00,0.00,0.00,4.08,8.78,13.48,18.18,22.88,27.58,32.28,36.98,41.68,46.38,51.08,102.10,102.10,102.10,102.10,102.10
1981-02-04,0.00,0.00,0.00,0.00,4.36,9.06,13.76,18.46,23.16,27.86,32.56,37.26,41.96,46.66,51.36,102.38,102.38,102.38,102.38,102.38
1981-02-05,0.00,0.00,0.00,0.00,4.63,9.33,14.03,18.73,23.43,28.13,32.83,37.53,42.23,46.93,51.63,102.65,102.65,102.65,102.65,102.65
1981-02-06,0.00,0.00,0.00,0.19,4.89,9.60,14.30,19.00,23.70,28.40,33.10,37.80,42.50,47.20,51.90,102.91,102.91,102.91,102.91,102.91
1981-02-07,0.00,0.00,0.00,0.45,5.15,9.85,14.55,19.25,23.95,28.65,33.35,38.05,42.75,47.45,52.16,103.17,103.17,103.17,103.17,103.17
1981-02-08,0.00,0.00,0.00,0.70,5.40,10.10,14.80,19.50,24.20,28.90,33.60,38.30,43.01,47.71,52.41,103.42,103.42,103.42,103.42,103.42
1981-02-09,0.00,0.00,0.00,0.04,4.74,9.44,14.14,18.84,23.54,28.24,32.94,37.64,42.34,47.04,51.74,102.76,102.76,102.76,102.76,102.76
1981-02-10,0.00,0.00,0.00,0.30,5.00,9.70,14.40,19.10,23.80,28.50,33.20,37.90,42.60,47.30,52.00,103.02,103.02,103.02,103.02,103.02
1981-02-11,0.00,0.00,0.00,0.56,5.26,9.96,14.66,19.36,24.06,28.76,33.46,38.16,42.86,47.56,52.26,103.27,103.27,103.27,103.27,103.27
1981-02-12,0.00,0.00,0.00,0.00,1.18,5.88,10.58,15.28,19.98,24.68,29.38,34.08,38.78,43.48,48.18,99.19,99.19,99.19,99.19,99.19
1981-02-13,0.00,0.00,0.00,0.00,1.55,6.25,10.95,15.65,20.35,25.05,29.75,34.45,39.15,43.85,48.55,99.56,99.56,99.56,99.56,99.56
1981-02-14,0.00,0.00,0.00,0.00,1.91,6.61,11.31,16.01,20.71,25.41,30.11,34.81,39.51,44.21,48.91,99.92,99.92,99.92,99.92,99.92
1981-02-15,0.00,0.00,0.00,0.00,2.25,6.95,11.65,16.35,21.06,25.76,30.46,35.16,39.86,44.56,49.26,100.27,100.27,100.27,100.27,100.27
1981-02-16,0.00,0.00,0.00,0.00,2.59,7.29,11.99,16.69,21.39,26.09,30.79,35.49,40.19,44.89,49.59,100.60,100.60,100.60,100.60,100.60
1981-02-17,0.00,0.00,0.00,0.00,2.91,7.61,12.31,17.01,21.71,26.41,31.11,35.81,40.51,45.22,49.92,100.93,100.93,100.93,100.93,100.93
1981-02-18,0.00,0.00,0.00,0.00,3.23,7.93,12.63,17.33,22.03,26.73,31.43,36.13,40.83,45.53,50.23,101.24,101.24,101.24,101.24,101.24
1981-02-19,0.00,0.00,0.00,0.00,3.53,8.23,12.93,17.63,22.33,27.03,31.73,36.43,41.13,45.83,50.53,101.55,101.55,101.55,101.55,101.55
1981-02-20,0.00,0.00,0.00,0.00,3.05,7.75,12.45,17.15,21.85,26.55,31.25,35.95,40.65,45.35,50.05,101.07,101.07,101.07,101.07,101.07
1981-02-21,0.00,0.00,0.00,0.00,0.00,3.86,8.56,13.26,17.96,22.66,27.36,32.07,36.77,41.47,46.17,97.18,97.18,97.18,97.18,97.18
1981-02-22,0.00,0.00,0.00,0.00,0.00,4.04,8.74,13.44,18.14,22.84,27.54,32.24,36.94,41.64,46.34,97.35,97.35,97.35,97.35,97.35
1981-02-23,0.00,0.00,0.00,0.00,0.00,4.22,8.92,13.62,18.32,23.02,27.72,32.43,37.13,41.83,46.53,97.54,97.54,97.54,97.54,97.54
1981-02-24,0.00,0.00,0.00,0.00,0.00,0.97,5.67,10.37,15.07,19.77,24.47,29.17,33.87,38.57,43.27,94.29,94.29,94.29,94.29,94.29
1981-02-25,0.00,0.00,0.00,0.00,0.00,1.26,5.96,10.66,15.36,20.06,24.76,29.46,34.16,38.86,43.56,94.58,94.58,94.58,94.58,94.58
1981-02-26,0.00,0.00,0.00,0.00,0.00,1.85,6.55,11.25,15.95,20.65,25.35,30.05,34.75,39.46,44.16,95.17,95.17,95.17,95.17,95.17
1981-02-27,0.00,0.00,0.00,0.00,0.00,2.41,7.11,11.81,16.51,21.21,25.91,30.61,35.31,40.01,44.71,95.73,95.73,95.73,95.73,95.73
1981-02-28,0.00,0.00,0.00,0.00,0.00,2.94,7.64,12.34,17.04,21.74,26.44,31.14,35.84,40.54,45.24,96.25,96.25,96.25,96.25,96.25
1981-03-01,0.00,0.00,0.00,0.00,0.00,3.44,8.14,12.84,17.54,22.24,26.94,31.64,36.34,41.04,45.74,96.75,96.75,96.75,96.75,96.75
1981-03-02,0.00,0.00,0.00,0.00,0.00,3.91,8.61,13.31,18.01,22.71,27.41,32.12,36.82,41.52,46.22,97.23,97.23,97.23,97.23,97.23
1981-03-03,0.00,0.00,0.00,0.00,0.00,4.37,9.07,13.77,18.47,23.17,27.87,32.57,37.27,41.97,46.67,97.68,97.68,97.68,97.68,97.68
1981-03-04,0.00,0.00,0.00,0.00,0.10,4.80,9.50,14.20,18.90,23.60,28.30,33.00,37.70,42.40,47.10,98.12,98.12,98.12,98.12,98.12
1981-03-05,0.00,0.00,0.00,0.00,0.52,5.22,9.92,14.62,19.32,24.02,28.72,33.42,38.12,42.82,47.52,98.53,98.53,98.53,98.53,98.53
1981-03-06,0.00,0.00,0.00,0.00,0.54,5.24,9.94,14.64,19.34,24.04,28.74,33.44,38.14,42.84,47.54,98.55,98.55,98.55,98.55,98.55
1981-03-07,0.00,0.00,0.00,0.00,0.93,5.63,10.33,15.03,19.73,24.43,29.13,33.84,38.54,43.24,47.94,98.95,98.95,98.95,98.95,98.95
1981-03-08,0.00,0.00,0.00,0.00,1.31,6.02,10.72,15.42,20.12,24.82,29.52,34.22,38.92,43.62,48.32,99.33,99.33,99.33,99.33,99.33
1981-03-09,0.00,0.00,0.00,0.00,1.68,6.38,11.08,15.78,20.48,25.18,29.88,34.58,39.29,43.99,48.69,99.70,99.70,99.70,99.70,99.70
1981-03-10,0.00,0.00,0.00,0.00,2.04,6.74,11.44,16.14,20.84,25.54,30.24,34.94,39.64,44.34,49.04,100.05,100.05,100.05,100.05,100.05
1981-03-11,0.00,0.00,0.00,0.00,2.38,7.08,11.78,16.48,21.18,25.88,30.58,35.28,39.98,44.68,49.38,100.40,100.40,100.40,100.40,100.40
1981-03-12,0.00,0.00,0.00,0.00,2.37,7.07,11.77,16.47,21.17,25.87,30.57,35.27,39.97,44.67,49.37,100.39,100.39,100.39,100.39,100.39
1981-03-13,0.00,0.00,0.00,0.00,2.70,7.40,12.10,16.80,21.50,26.20,30.90,35.60,40.30,45.00,49.70,100.72,100.72,100.72,100.72,100.72
1981-03-14,0.00,0.00,0.00,0.00,3.02,7.72,12.42,17.12,21.82,26.52,31.22,35.92,40.62,45.32,50.02,101.04,101.04,101.04,101.04,101.04
1981-03-15,0.00,0.00,0.00,0.00,3.33,8.03,12.73,17.43,22.13,26.83,31.53,36.23,40.93,45.63,50.33,101.35,101.35,101.35,101.35,101.35
1981-03-16,0.00,0.00,0.00,0.00,3.63,8.33,13.03,17.73,22.43,27.13,31.83,36.53,41.23,45.93,50.64,101.65,101.65,101.65,101.65,101.65
1981-03-17,0.00,0.00,0.00,0.00,3.60,8.30,13.00,17.70,22.40,27.11,31.81,36.51,41.21,45.91,50.61,101.62,101.62,101.62,101.62,101.62
1981-03-18,0.00,0.00,0.00,0.00,3.90,8.60,13.30,18.00,22.70,27.40,32.10,36.80,41.50,46.20,50.90,101.91,101.91,101.91,101.91,101.91
1981-03-19,0.00,0.00,0.00,0.00,4.18,8.88,13.58,18.28,22.98,27.68,32.38,37.08,41.78,46.48,51.18,102.20,102.20,102.20,102.20,102.20
1981-03-20,0.00,0.00,0.00,0.00,4.46,9.16,13.86,18.56,23.26,27.96,32.66,37.36,42.06,46.76,51.46,102.47,102.47,102.47,102.47,102.47
1981-03-21,0.00,0.00,0.00,0.02,4.72,9.42,14.13,18.83,23.53,28.23,32.93,37.63,42.33,47.03,51.73,102.74,102.74,102.74,102.74,102.74
1981-03-22,0.00,0.00,0.00,0.29,4.99,9.69,14.39,19.09,23.79,28.49,33.19,37.89,42.59,47.29,51.99,103.00,103.00,103.00,103.00,103.00
1981-03-23,0.00,0.00,0.00,0.54,5.24,9.94,14.64,19.34,24.04,28.74,33.44,38.14,42.84,47.54,52.24,103.26,103.26,103.26,103.26,103.26
1981-03-24,0.00,0.00,0.00,0.79,5.49,10.19,14.89,19.59,24.29,28.99,33.69,38.39,43.09,47.79,52.49,103.51,103.51,103.51,103.51,103.51
1981-03-25,0.00,0.00,0.00,1.03,5.73,10.43,15.13,19.83,24.53,29.23,33.93,38.63,43.33,48.03,52.73,103.75,103.75,103.75,103.75,103.75
1981-03-26,0.00,0.00,0.00,1.27,5.97,10.67,15.37,20.07,24.77,29.47,34.17,38.87,43.57,48.27,52.97,103.98,103.98,103.98,103.98,103.98
1981-03-27,0.00,0.00,0.00,1.50,6.20,10.90,15.60,20.30,25.00,29.70,34.40,39.10,43.80,48.50,53.20,104.22,104.22,104.22,104.22,104.22
1981-03-28,0.00,0.00,0.00,1.72,6.42,11.12,15.82,20.53,25.23,29.93,34.63,39.33,44.03,48.73,53.43,104.44,104.44,104.44,104.44,104.44
1981-03-29,0.00,0.00,0.00,1.94,6.64,11.35,16.05,20.75,25.45,30.15,34.85,39.55,44.25,48.95,53.65,104.66,104.66,104.66,104.66,104.66
1981-03-30,0.00,0.00,0.00,2.16,6.86,11.56,16.26,20.96,25.66,30.36,35.06,39.76,44.46,49.16,53.86,104.88,104.88,104.88,104.88,104.88
1981-03-31,0.00,0.00,0.00,0.71,5.41,10.11,14.81,19.51,24.21,28.91,33.61,38.31,43.01,47.71,52.41,103.43,103.43,103.43,103.43,103.43
1981-04-01,0.00,0.00,0.00,0.00,4.01,8.71,13.41,18.11,22.81,27.51,32.21,36.91,41.61,46.31,51.01,102.02,102.02,102.02,102.02,102.02
1981-04-02,0.00,0.00,0.00,0.00,1.59,6.29,10.99,15.69,20.39,25.09,29.79,34.49,39.19,43.89,48.60,99.61,99.61,99.61,99.61,99.61
1981-04-03,0.00,0.00,0.00,0.00,1.95,6.65,11.35,16.05,20.75,25.45,30.15,34.85,39.55,44.25,48.95,99.97,99.97,99.97,99.97,99.97
1981-04-04,0.00,0.00,0.00,0.00,2.29,7.00,11.70,16.40,21.10,25.80,30.50,35.20,39.90,44.60,49.30,100.31,100.31,100.31,100.31,100.31
1981-04-05,0.00,0.00,0.00,0.00,2.63,7.33,12.03,16.73,21.43,26.13,30.83,35.53,40.23,44.93,49.63,100.64,100.64,100.64,100.64,100.64
1981-04-06,0.00,0.00,0.00,0.00,0.00,3.82,8.52,13.22,17.92,22.62,27.32,32.02,36.72,41.42,46.12,97.13,97.13,97.13,97.13,97.13
1981-04-07,0.00,0.00,0.00,0.00,0.00,4.28,8.98,13.68,18.38,23.08,27.78,32.48,37.18,41.88,46.58,97.59,97.59,97.59,97.59,97.59
1981-04-08,0.00,0.00,0.00,0.00,0.01,4.71,9.41,14.11,18.81,23.51,28.21,32.92,37.62,42.32,47.02,98.03,98.03,98.03,98.03,98.03
1981-04-09,0.00,0.00,0.00,0.00,0.43,5.13,9.83,14.53,19.23,23.93,28.63,33.33,38.03,42.73,47.43,98.45,98.45,98.45,98.45,98.45
1981-04-10,0.00,0.00,0.00,0.00,0.83,5.53,10.23,14.93,19.63,24.33,29.04,33.74,38.44,43.14,47.84,98.85,98.85,98.85,98.85,98.85
1981-04-11,0.00,0.00,0.00,0.00,1.22,5.92,10.62,15.32,20.02,24.72,29.42,34.12,38.82,43.52,48.22,99.24,99.24,99.24,99.24,99.24
1981-04-12,0.00,0.00,0.00,0.00,1.44,6.14,10.84,15.54,20.24,24.94,29.64,34.34,39.04,43.74,48.44,99.46,99.46,99.46,99.46,99.46
1981-04-13,0.00,0.00,0.00,0.00,0.74,5.44,10.14,14.84,19.54,24.24,28.94,33.64,38.34,43.04,47.74,98.76,98.76,98.76,98.76,98.76
1981-04-14,0.00,0.00,0.00,0.00,0.91,5.61,10.31,15.01,19.71,24.41,29.11,33.81,38.51,43.21,47.91,98.92,98.92,98.92,98.92,98.92
1981-04-15,0.00,0.00,0.00,0.00,0.00,0.00,0.00,0.00,4.36,9.06,13.76,18.46,23.16,27.86,32.56,83.57,83.57,83.57,83.57,83.57
1981-04-16,0.00,0.00,0.00,0.00,0.00,0.00,0.00,1.43,6.13,10.83,15.53,20.23,24.93,29.64,34.34,85.35,85.35,85.35,85.35,85.35
1981-04-17,0.00,0.00,0.00,0.00,0.00,0.00,0.00,2.92,7.62,12.32,17.02,21.72,26.42,31.12,35.82,86.84,86.84,86.84,86.84,86.84
1981-04-18,0.00,0.00,0.00,0.00,0.00,0.00,0.00,4.20,8.90,13.61,18.31,23.01,27.71,32.41,37.11,88.12,88.12,88.12,88.12,88.12
1981-04-19,0.00,0.00,0.00,0.00,0.00,0.00,0.63,5.33,10.03,14.73,19.43,24.13,28.83,33.53,38.23,89.25,89.25,89.25,89.25,89.25
1981-04-20,0.00,0.00,0.00,0.00,0.00,0.00,1.64,6.34,11.04,15.74,20.44,25.14,29.84,34.54,39.24,90.26,90.26,90.26,90.26,90.26
1981-04-21,0.00,0.00,0.00,0.00,0.00,0.00,2.55,7.25,11.95,16.65,21.35,26.05,30.75,35.45,40.15,91.17,91.17,91.17,91.17,91.17
1981-04-22,0.00,0.00,0.00,0.00,0.00,0.00,3.38,8.08,12.78,17.48,22.18,26.88,31.59,36.29,40.99,92.00,92.00,92.00,92.00,92.00
1981-04-23,0.00,0.00,0.00,0.00,0.00,0.00,4.15,8.85,13.55,18.25,22.95,27.65,32.35,37.05,41.75,92.76,92.76,92.76,92.76,92.76
1981-04-24,0.00,0.00,0.00,0.00,0.00,0.00,3.73,8.43,13.13,17.83,22.53,27.23,31.93,36.63,41.33,92.35,92.35,92.35,92.35,92.35
1981-04-25,0.00,0.00,0.00,0.00,0.00,0.00,4.31,9.01,13.71,18.41,23.11,27.81,32.51,37.21,41.91,92.92,92.92,92.92,92.92,92.92
1981-04-26,0.00,0.00,0.00,0.00,0.00,0.30,5.00,9.70,14.40,19.11,23.81,28.51,33.21,37.91,42.61,93.62,93.62,93.62,93.62,93.62
1981-04-27,0.00,0.00,0.00,0.00,0.00,0.95,5.66,10.36,15.06,19.76,24.46,29.16,33.86,38.56,43.26,94.27,94.27,94.27,94.27,94.27
1981-04-28,0.00,0.00,0.00,0.00,0.00,1.56,6.27,10.97,15.67,20.37,25.07,29.77,34.47,39.17,43.87,94.88,94.88,94.88,94.88,94.88
1981-04-29,0.00,0.00,0.00,0.00,0.00,2.14,6.84,11.54,16.24,20.94,25.64,30.34,35.04,39.74,44.44,95.45,95.45,95.45,95.45,95.45
1981-04-30,0.00,0.00,0.00,0.00,0.00,2.68,7.38,12.08,16.78,21.48,26.18,30.88,35.58,40.28,44.98,96.00,96.00,96.00,96.00,96.00
1981-05-01,0.00,0.00,0.00,0.00,0.00,3.19,7.89,12.59,17.29,21.99,26.70,31.40,36.10,40.80,45.50,96.51,96.51,96.51,96.51,96.51
1981-05-02,0.00,0.00,0.00,0.00,0.00,3.08,7.78,12.48,17.18,21.88,26.58,31.28,35.98,40.68,45.38,96.39,96.39,96.39,96.39,96.39
1981-05-03,0.00,0.00,0.00,0.00,0.00,1.57,6.27,10.97,15.67,20.37,25.07,29.77,34.47,39.17,43.87,94.88,94.88,94.88,94.88,94.88
1981-05-04,0.00,0.00,0.00,0.00,0.00,2.14,6.84,11.54,16.24,20.94,25.64,30.34,35.04,39.74,44.44,95.46,95.46,95.46,95.46,95.46
1981-05-05,0.00,0.00,0.00,0.00,0.00,2.68,7.38,12.08,16.78,21.48,26.18,30.88,35.58,40.28,44.98,96.00,96.00,96.00,96.00,96.00
1981-05-06,0.00,0.00,0.00,0.00,0.00,3.19,7.89,12.60,17.30,22.00,26.70,31.40,36.10,40.80,45.50,96.51,96.51,96.51,96.51,96.51
1981-05-07,0.00,0.00,0.00,0.00,0.00,3.68,8.38,13.08,17.78,22.48,27.18,31.88,36.58,41.28,45.98,97.00,97.00,97.00,97.00,97.00
1981-05-08,0.00,0.00,0.00,0.00,0.00,4.15,8.85,13.55,18.25,22.95,27.65,32.35,37.05,41.75,46.45,97.46,97.46,97.46,97.46,97.46
1981-05-09,0.00,0.00,0.00,0.00,0.00,4.59,9.29,13.99,18.69,23.39,28.09,32.79,37.49,42.19,46.89,97.91,97.91,97.91,97.91,97.91
1981-05-10,0.00,0.00,0.00,0.00,0.31,5.01,9.71,14.41,19.11,23.81,28.52,33.22,37.92,42.62,47.32,98.33,98.33,98.33,98.33,98.33
1981-05-11,0.00,0.00,0.00,0.00,0.72,5.42,10.12,14.82,19.52,24.22,28.92,33.62,38.32,43.02,47.72,98.74,98.74,98.74,98.74,98.74
1981-05-12,0.00,0.00,0.00,0.00,0.00,0.00,0.00,0.00,0.00,0.00,1.28,5.98,10.68,15.38,20.08,71.09,71.09,71.09,71.09,71.09
1981-05-13,0.00,0.00,0.00,0.00,0.00,0.00,0.00,0.00,0.00,2.77,7.47,12.17,16.87,21.57,26.27,77.29,77.29,77.29,77.29,77.29
1981-05-14,0.00,0.00,0.00,0.00,0.00,0.00,0.00,0.00,1.40,6.10,10.80,15.50,20.21,24.91,29.61,80.62,80.62,80.62,80.62,80.62
1981-05-15,0.00,0.00,0.00,0.00,0.00,0.00,0.00,0.00,3.79,8.49,13.19,17.89,22.59,27.29,31.99,83.01,83.01,83.01,83.01,83.01
1981-05-16,0.00,0.00,0.00,0.00,0.00,0.00,0.00,0.00,0.00,0.00,4.10,8.80,13.50,18.20,22.90,73.91,73.91,73.91,73.91,73.91
1981-05-17,0.00,0.00,0.00,0.00,0.00,0.00,0.00,0.00,0.00,4.07,8.77,13.47,18.17,22.87,27.57,78.58,78.58,78.58,78.58,78.58
1981-05-18,0.00,0.00,0.00,0.00,0.00,0.00,0.00,0.00,2.30,7.00,11.70,16.40,21.10,25.80,30.50,81.51,81.51,81.51,81.51,81.51
1981-05-19,0.00,0.00,0.00,0.00,0.00,0.00,0.00,0.00,4.48,9.18,13.88,18.58,23.28,27.98,32.68,83.70,83.70,83.70,83.70,83.70
1981-05-20,0.00,0.00,0.00,0.00,0.00,0.00,0.00,1.54,6.24,10.94,15.64,20.34,25.04,29.74,34.44,85.45,85.45,85.45,85.45,85.45
1981-05-21,0.00,0.00,0.00,0.00,0.00,0.00,0.00,3.01,7.71,12.41,17.11,21.81,26.51,31.21,35.91,86.93,86.93,86.93,86.93,86.93
1981-05-22,0.00,0.00,0.00,0.00,0.00,0.00,0.00,4.28,8.98,13.68,18.38,23.08,27.78,32.48,37.18,88.20,88.20,88.20,88.20,88.20
1981-05-23,0.00,0.00,0.00,0.00,0.00,0.00,0.70,5.40,10.10,14.80,19.50,24.20,28.90,33.60,38.30,89.32,89.32,89.32,89.32,89.32
1981-05-24,0.00,0.00,0.00,0.00,0.00,0.00,1.70,6.40,11.10,15.80,20.50,25.20,29.90,34.60,39.30,90.32,90.32,90.32,90.32,90.32
1981-05-25,0.00,0.00,0.00,0.00,0.00,0.00,2.61,7.31,12.01,16.71,21.41,26.11,30.81,35.51,40.21,91.22,91.22,91.22,91.22,91.22
1981-05-26,0.00,0.00,0.00,0.00,0.00,0.00,3.43,8.13,12.83,17.54,22.24,26.94,31.64,36.34,41.04,92.05,92.05,92.05,92.05,92.05
1981-05-27,0.00,0.00,0.00,0.00,0.00,0.00,4.20,8.90,13.60,18.30,23.00,27.70,32.40,37.10,41.80,92.81,92.81,92.81,92.81,92.81
1981-05-28,0.00,0.00,0.00,0.00,0.00,0.20,4.90,9.60,14.30,19.00,23.70,28.40,33.10,37.80,42.50,93.52,93.52,93.52,93.52,93.52
1981-05-29,0.00,0.00,0.00,0.00,0.00,0.86,5.56,10.26,14.96,19.66,24.36,29.06,33.76,38.46,43.16,94.17,94.17,94.17,94.17,94.17
1981-05-30,0.00,0.00,0.00,0.00,0.00,1.47,6.17,10.88,15.58,20.28,24.98,29.68,34.38,39.08,43.78,94.79,94.79,94.79,94.79,94.79
1981-05-31,0.00,0.00,0.00,0.00,0.00,2.05,6.75,11.45,16.15,20.85,25.56,30.26,34.96,39.66,44.36,95.37,95.37,95.37,95.37,95.37
1981-06-01,0.00,0.00,0.00,0.00,0.00,2.60,7.30,12.00,16.70,21.40,26.10,30.80,35.50,40.20,44.90,95.92,95.92,95.92,95.92,95.92
1981-06-02,0.00,0.00,0.00,0.00,0.00,3.12,7.82,12.52,17.22,21.92,26.62,31.32,36.02,40.72,45.42,96.43,96.43,96.43,96.43,96.43
1981-06-03,0.00,0.00,0.00,0.00,0.00,0.00,4.58,9.28,13.98,18.68,23.38,28.08,32.78,37.48,42.18,93.20,93.20,93.20,93.20,93.20
1981-06-04,0.00,0.00,0.00,0.00,0.00,0.11,4.81,9.51,14.21,18.92,23.62,28.32,33.02,37.72,42.42,93.43,93.43,93.43,93.43,93.43
1981-06-05,0.00,0.00,0.00,0.00,0.00,0.78,5.48,10.18,14.88,19.58,24.28,28.98,33.68,38.38,43.08,94.09,94.09,94.09,94.09,94.09
1981-06-06,0.00,0.00,0.00,0.00,0.00,1.40,6.10,10.80,15.50,20.20,24.90,29.60,34.30,39.00,43.70,94.71,94.71,94.71,94.71,94.71
1981-06-07,0.00,0.00,0.00,0.00,0.00,1.98,6.68,11.38,16.08,20.78,25.48,30.18,34.88,39.58,44.28,95.30,95.30,95.30,95.30,95.30
1981-06-08,0.00,0.00,0.00,0.00,0.00,2.53,7.23,11.93,16.63,21.33,26.03,30.73,35.43,40.13,44.83,95.85,95.85,95.85,95.85,95.85
1981-06-09,0.00,0.00,0.00,0.00,0.00,3.05,7.75,12.45,17.15,21.85,26.55,31.25,35.96,40.66,45.36,96.37,96.37,96.37,96.37,96.37
1981-06-10,0.00,0.00,0.00,0.00,0.00,3.55,8.25,12.95,17.65,22.35,27.05,31.75,36.45,41.15,45.85,96.86,96.86,96.86,96.86,96.86
1981-06-11,0.00,0.00,0.00,0.00,0.00,4.02,8.72,13.42,18.12,22.82,27.52,32.22,36.92,41.62,46.32,97.33,97.33,97.33,97.33,97.33
1981-06-12,0.00,0.00,0.00,0.00,0.00,4.47,9.17,13.87,18.57,23.27,27.97,32.67,37.37,42.07,46.77,97.78,97.78,97.78,97.78,97.78
1981-06-13,0.00,0.00,0.00,0.00,0.20,4.90,9.60,14.30,19.00,23.70,28.40,33.10,37.80,42.50,47.20,98.21,98.21,98.21,98.21,98.21
1981-06-14,0.00,0.00,0.00,0.00,0.61,5.31,10.01,14.71,19.41,24.11,28.81,33.51,38.21,42.91,47.61,98.62,98.62,98.62,98.62,98.62
1981-06-15,0.00,0.00,0.00,0.00,0.00,3.11,7.81,12.51,17.21,21.91,26.61,31.31,36.01,40.71,45.41,96.42,96.42,96.42,96.42,96.42
1981-06-16,0.00,0.00,0.00,0.00,0.00,3.60,8.30,13.00,17.70,22.40,27.10,31.80,36.50,41.20,45.90,96.91,96.91,96.91,96.91,96.91
1981-06-17,0.00,0.00,0.00,0.00,0.00,4.07,8.77,13.47,18.17,22.87,27.57,32.27,36.97,41.67,46.37,97.38,97.38,97.38,97.38,97.38
1981-06-18,0.00,0.00,0.00,0.00,0.00,4.51,9.21,13.91,18.61,23.31,28.01,32.71,37.41,42.11,46.82,97.83,97.83,97.83,97.83,97.83
1981-06-19,0.00,0.00,0.00,0.00,0.24,4.94,9.64,14.34,19.04,23.74,28.44,33.14,37.84,42.54,47.24,98.26,98.26,98.26,98.26,98.26
1981-06-20,0.00,0.00,0.00,0.00,0.65,5.35,10.05,14.75,19.45,24.15,28.85,33.55,38.25,42.95,47.65,98.67,98.67,98.67,98.67,98.67
1981-06-21,0.00,0.00,0.00,0.00,0.37,5.07,9.77,14.47,19.17,23.87,28.57,33.27,37.97,42.67,47.37,98.39,98.39,98.39,98.39,98.39
1981-06-22,0.00,0.00,0.00,0.00,0.78,5.48,10.18,14.88,19.58,24.28,28.98,33.68,38.38,43.08,47.78,98.79,98.79,98.79,98.79,98.79
1981-06-23,0.00,0.00,0.00,0.00,1.16,5.86,10.56,15.26,19.96,24.67,29.37,34.07,38.77,43.47,48.17,99.18,99.18,99.18,99.18,99.18
1981-06-24,0.00,0.00,0.00,0.00,1.54,6.24,10.94,15.64,20.34,25.04,29.74,34.44,39.14,43.84,48.54,99.55,99.55,99.55,99.55,99.55
1981-06-25,0.00,0.00,0.00,0.00,1.90,6.60,11.30,16.00,20.70,25.40,30.10,34.80,39.50,44.20,48.90,99.91,99.91,99.91,99.91,99.91
1981-06-26,0.00,0.00,0.00,0.00,0.00,3.78,8.48,13.18,17.88,22.58,27.28,31.98,36.68,41.39,46.09,97.10,97.10,97.10,97.10,97.10
1981-06-27,0.00,0.00,0.00,0.00,0.00,4.24,8.94,13.64,18.34,23.04,27.74,32.44,37.14,41.84,46.55,97.56,97.56,97.56,97.56,97.56
1981-06-28,0.00,0.00,0.00,0.00,0.00,4.68,9.38,14.08,18.78,23.48,28.18,32.88,37.58,42.28,46.98,98.00,98.00,98.00,98.00,98.00
1981-06-29,0.00,0.00,0.00,0.00,0.40,5.10,9.80,14.50,19.20,23.90,28.60,33.30,38.00,42.70,47.40,98.42,98.42,98.42,98.42,98.42
1981-06-30,0.00,0.00,0.00,0.00,0.80,5.50,10.20,14.90,19.61,24.31,29.01,33.71,38.41,43.11,47.81,98.82,98.82,98.82,98.82,98.82
1981-07-01,0.00,0.00,0.00,0.00,1.19,5.89,10.59,15.29,19.99,24.69,29.39,34.09,38.79,43.49,48.19,99.21,99.21,99.21,99.21,99.21
1981-07-02,0.00,0.00,0.00,0.00,0.93,5.64,10.34,15.04,19.74,24.44,29.14,33.84,38.54,43.24,47.94,98.95,98.95,98.95,98.95,98.95
1981-07-03,0.00,0.00,0.00,0.00,1.32,6.02,10.72,15.42,20.12,24.82,29.52,34.22,38.92,43.62,48.32,99.33,99.33,99.33,99.33,99.33
1981-07-04,0.00,0.00,0.00,0.00,1.68,6.38,11.08,15.79,20.49,25.19,29.89,34.59,39.29,43.99,48.69,99.70,99.70,99.70,99.70,99.70
1981-07-05,0.00,0.00,0.00,0.00,0.00,0.00,4.17,8.87,13.57,18.27,22.97,27.67,32.37,37.07,41.77,92.78,92.78,92.78,92.78,92.78
1981-07-06,0.00,0.00,0.00,0.00,0.00,0.18,4.88,9.58,14.28,18.98,23.68,28.38,33.08,37.78,42.48,93.49,93.49,93.49,93.49,93.49
1981-07-07,0.00,0.00,0.00,0.00,0.00,0.83,5.54,10.24,14.94,19.64,24.34,29.04,33.74,38.44,43.14,94.15,94.15,94.15,94.15,94.15
1981-07-08,0.00,0.00,0.00,0.00,0.00,1.45,6.15,10.85,15.55,20.25,24.95,29.65,34.35,39.05,43.76,94.77,94.77,94.77,94.77,94.77
1981-07-09,0.00,0.00,0.00,0.00,0.00,2.03,6.73,11.43,16.13,20.83,25.53,30.23,34.93,39.64,44.34,95.35,95.35,95.35,95.35,95.35
1981-07-10,0.00,0.00,0.00,0.00,0.00,2.58,7.28,11.98,16.68,21.38,26.08,30.78,35.48,40.18,44.88,95.90,95.90,95.90,95.90,95.90
1981-07-11,0.00,0.00,0.00,0.00,0.00,3.10,7.80,12.50,17.20,21.90,26.60,31.30,36.00,40.70,45.40,96.41,96.41,96.41,96.41,96.41
1981-07-12,0.00,0.00,0.00,0.00,0.00,3.59,8.29,12.99,17.69,22.39,27.09,31.79,36.49,41.19,45.89,96.91,96.91,96.91,96.91,96.91
1981-07-13,0.00,0.00,0.00,0.00,0.00,4.06,8.76,13.46,18.16,22.86,27.56,32.26,36.96,41.66,46.36,97.38,97.38,97.38,97.38,97.38
1981-07-14,0.00,0.00,0.00,0.00,0.00,2.64,7.34,12.04,16.74,21.44,26.15,30.85,35.55,40.25,44.95,95.96,95.96,95.96,95.96,95.96
1981-07-15,0.00,0.00,0.00,0.00,0.00,3.16,7.86,12.56,17.26,21.96,26.66,31.36,36.06,40.76,45.46,96.47,96.47,96.47,96.47,96.47
1981-07-16,0.00,0.00,0.00,0.00,0.00,3.65,8.35,13.05,17.75,22.45,27.15,31.85,36.55,41.25,45.95,96.96,96.96,96.96,96.96,96.96
1981-07-17,0.00,0.00,0.00,0.00,0.00,4.11,8.81,13.51,18.21,22.92,27.62,32.32,37.02,41.72,46.42,97.43,97.43,97.43,97.43,97.43
1981-07-18,0.00,0.00,0.00,0.00,0.00,4.56,9.26,13.96,18.66,23.36,28.06,32.76,37.46,42.16,46.86,97.87,97.87,97.87,97.87,97.87
1981-07-19,0.00,0.00,0.00,0.00,0.28,4.98,9.68,14.38,19.08,23.79,28.49,33.19,37.89,42.59,47.29,98.30,98.30,98.30,98.30,98.30
1981-07-20,0.00,0.00,0.00,0.00,0.69,5.39,10.09,14.79,19.49,24.19,28.89,33.59,38.29,42.99,47.69,98.71,98.71,98.71,98.71,98.71
1981-07-21,0.00,0.00,0.00,0.00,0.00,1.89,6.59,11.29,15.99,20.69,25.39,30.09,34.79,39.49,44.19,95.21,95.21,95.21,95.21,95.21
1981-07-22,0.00,0.00,0.00,0.00,0.00,1.87,6.57,11.27,15.97,20.67,25.37,30.07,34.77,39.47,44.17,95.19,95.19,95.19,95.19,95.19
1981-07-23,0.00,0.00,0.00,0.00,0.00,2.43,7.13,11.83,16.53,21.23,25.93,30.63,35.33,40.03,44.73,95.74,95.74,95.74,95.74,95.74
1981-07-24,0.00,0.00,0.00,0.00,0.00,2.95,7.65,12.35,17.05,21.75,26.45,31.15,35.85,40.56,45.26,96.27,96.27,96.27,96.27,96.27
1981-07-25,0.00,0.00,0.00,0.00,0.00,3.45,8.15,12.85,17.55,22.25,26.95,31.65,36.35,41.05,45.75,96.77,96.77,96.77,96.77,96.77
1981-07-26,0.00,0.00,0.00,0.00,0.00,3.93,8.63,13.33,18.03,22.73,27.43,32.13,36.83,41.53,46.23,97.24,97.24,97.24,97.24,97.24
1981-07-27,0.00,0.00,0.00,0.00,0.00,4.38,9.08,13.78,18.48,23.18,27.88,32.58,37.28,41.98,46.68,97.70,97.70,97.70,97.70,97.70
1981-07-28,0.00,0.00,0.00,0.00,0.00,1.35,6.05,10.75,15.46,20.16,24.86,29.56,34.26,38.96,43.66,94.67,94.67,94.67,94.67,94.67
1981-07-29,0.00,0.00,0.00,0.00,0.00,1.94,6.64,11.34,16.04,20.74,25.44,30.14,34.84,39.54,44.24,95.26,95.26,95.26,95.26,95.26
1981-07-30,0.00,0.00,0.00,0.00,0.00,2.20,6.90,11.60,16.30,21.00,25.70,30.40,35.10,39.80,44.50,95.51,95.51,95.51,95.51,95.51
1981-07-31,0.00,0.00,0.00,0.00,0.00,2.73,7.43,12.14,16.84,21.54,26.24,30.94,35.64,40.34,45.04,96.05,96.05,96.05,96.05,96.05
1981-08-01,0.00,0.00,0.00,0.00,0.00,3.25,7.95,12.65,17.35,22.05,26.75,31.45,36.15,40.85,45.55,96.56,96.56,96.56,96.56,96.56
1981-08-02,0.00,0.00,0.00,0.00,0.00,3.73,8.43,13.13,17.83,22.53,27.23,31.93,36.63,41.33,46.03,97.05,97.05,97.05,97.05,97.05
1981-08-03,0.00,0.00,0.00,0.00,0.00,4.19,8.89,13.59,18.29,22.99,27.69,32.39,37.09,41.79,46.50,97.51,97.51,97.51,97.51,97.51
1981-08-04,0.00,0.00,0.00,0.00,0.00,4.63,9.33,14.03,18.73,23.43,28.14,32.84,37.54,42.24,46.94,97.95,97.95,97.95,97.95,97.95
1981-08-05,0.00,0.00,0.00,0.00,0.36,5.06,9.76,14.46,19.16,23.86,28.56,33.26,37.96,42.66,47.36,98.37,98.37,98.37,98.37,98.37
1981-08-06,0.00,0.00,0.00,0.00,0.00,4.34,9.04,13.74,18.44,23.14,27.84,32.54,37.24,41.95,46.65,97.66,97.66,97.66,97.66,97.66
1981-08-07,0.00,0.00,0.00,0.00,0.08,4.78,9.48,14.18,18.88,23.58,28.28,32.98,37.68,42.38,47.08,98.09,98.09,98.09,98.09,98.09
1981-08-08,0.00,0.00,0.00,0.00,0.49,5.19,9.89,14.59,19.29,23.99,28.70,33.40,38.10,42.80,47.50,98.51,98.51,98.51,98.51,98.51
1981-08-09,0.00,0.00,0.00,0.00,0.00,3.43,8.13,12.83,17.53,22.23,26.93,31.63,36.33,41.03,45.73,96.75,96.75,96.75,96.75,96.75
1981-08-10,0.00,0.00,0.00,0.00,0.00,3.91,8.61,13.31,18.01,22.71,27.41,32.11,36.81,41.51,46.21,97.22,97.22,97.22,97.22,97.22
1981-08-11,0.00,0.00,0.00,0.00,0.00,4.36,9.06,13.76,18.46,23.16,27.86,32.56,37.26,41.96,46.66,97.68,97.68,97.68,97.68,97.68
1981-08-12,0.00,0.00,0.00,0.00,0.09,4.79,9.49,14.19,18.89,23.60,28.30,33.00,37.70,42.40,47.10,98.11,98.11,98.11,98.11,98.11
1981-08-13,0.00,0.00,0.00,0.00,0.51,5.21,9.91,14.61,19.31,24.01,28.71,33.41,38.11,42.81,47.51,98.53,98.53,98.53,98.53,98.53
1981-08-14,0.00,0.00,0.00,0.00,0.91,5.61,10.31,15.01,19.71,24.41,29.11,33.81,38.51,43.21,47.91,98.92,98.92,98.92,98.92,98.92
1981-08-15,0.00,0.00,0.00,0.00,1.29,5.99,10.69,15.39,20.09,24.79,29.49,34.19,38.89,43.59,48.29,99.31,99.31,99.31,99.31,99.31
1981-08-16,0.00,0.00,0.00,0.00,1.66,6.36,11.06,15.76,20.46,25.16,29.86,34.56,39.26,43.96,48.66,99.68,99.68,99.68,99.68,99.68
1981-08-17,0.00,0.00,0.00,0.00,2.01,6.71,11.41,16.12,20.82,25.52,30.22,34.92,39.62,44.32,49.02,100.03,100.03,100.03,100.03,100.03
1981-08-18,0.00,0.00,0.00,0.00,2.36,7.06,11.76,16.46,21.16,25.86,30.56,35.26,39.96,44.66,49.36,100.37,100.37,100.37,100.37,100.37
1981-08-19,0.00,0.00,0.00,0.00,2.69,7.39,12.09,16.79,21.49,26.19,30.89,35.59,40.29,44.99,49.69,100.70,100.70,100.70,100.70,100.70
1981-08-20,0.00,0.00,0.00,0.00,3.01,7.71,12.41,17.11,21.81,26.51,31.21,35.91,40.61,45.31,50.01,101.03,101.03,101.03,101.03,101.03
1981-08-21,0.00,0.00,0.00,0.00,3.32,8.02,12.72,17.42,22.12,26.82,31.52,36.22,40.92,45.62,50.32,101.34,101.34,101.34,101.34,101.34
1981-08-22,0.00,0.00,0.00,0.00,3.62,8.32,13.02,17.72,22.42,27.12,31.82,36.52,41.22,45.92,50.62,101.64,101.64,101.64,101.64,101.64
1981-08-23,0.00,0.00,0.00,0.00,3.91,8.61,13.31,18.01,22.71,27.41,32.11,36.81,41.51,46.22,50.92,101.93,101.93,101.93,101.93,101.93
1981-08-24,0.00,0.00,0.00,0.00,4.20,8.90,13.60,18.30,23.00,27.70,32.40,37.10,41.80,46.50,51.20,102.21,102.21,102.21,102.21,102.21
1981-08-25,0.00,0.00,0.00,0.00,4.47,9.17,13.87,18.57,23.27,27.97,32.67,37.37,42.07,46.77,51.47,102.49,102.49,102.49,102.49,102.49
1981-08-26,0.00,0.00,0.00,0.04,4.74,9.44,14.14,18.84,23.54,28.24,32.94,37.64,42.34,47.04,51.74,102.76,102.76,102.76,102.76,102.76
1981-08-27,0.00,0.00,0.00,0.30,5.00,9.70,14.40,19.10,23.80,28.50,33.20,37.90,42.60,47.30,52.00,103.02,103.02,103.02,103.02,103.02
1981-08-28,0.00,0.00,0.00,0.55,5.25,9.96,14.66,19.36,24.06,28.76,33.46,38.16,42.86,47.56,52.26,103.27,103.27,103.27,103.27,103.27
1981-08-29,0.00,0.00,0.00,0.80,5.50,10.20,14.90,19.60,24.30,29.00,33.70,38.41,43.11,47.81,52.51,103.52,103.52,103.52,103.52,103.52
1981-08-30,0.00,0.00,0.00,1.04,5.74,10.45,15.15,19.85,24.55,29.25,33.95,38.65,43.35,48.05,52.75,103.76,103.76,103.76,103.76,103.76
1981-08-31,0.00,0.00,0.00,1.28,5.98,10.68,15.38,20.08,24.78,29.48,34.18,38.88,43.58,48.28,52.98,104.00,104.00,104.00,104.00,104.00
1981-09-01,0.00,0.00,0.00,1.51,6.21,10.91,15.61,20.31,25.01,29.71,34.41,39.11,43.81,48.51,53.21,104.23,104.23,104.23,104.23,104.23
1981-09-02,0.00,0.00,0.00,1.74,6.44,11.14,15.84,20.54,25.24,29.94,34.64,39.34,44.04,48.74,53.44,104.45,104.45,104.45,104.45,104.45
1981-09-03,0.00,0.00,0.00,1.96,6.66,11.36,16.06,20.76,25.46,30.16,34.86,39.56,44.26,48.96,53.66,104.67,104.67,104.67,104.67,104.67
1981-09-04,0.00,0.00,0.00,2.17,6.87,11.57,16.27,20.97,25.67,30.37,35.07,39.77,44.48,49.18,53.88,104.89,104.89,104.89,104.89,104.89
1981-09-05,0.00,0.00,0.00,2.38,7.08,11.78,16.48,21.18,25.88,30.59,35.29,39.99,44.69,49.39,54.09,105.10,105.10,105.10,105.10,105.10
1981-09-06,0.00,0.00,0.00,2.59,7.29,11.99,16.69,21.39,26.09,30.79,35.49,40.19,44.89,49.59,54.29,105.31,105.31,105.31,105.31,105.31
1981-09-07,0.00,0.00,0.00,2.79,7.49,12.19,16.89,21.59,26.29,30.99,35.69,40.39,45.09,49.80,54.50,105.51,105.51,105.51,105.51,105.51
1981-09-08,0.00,0.00,0.00,2.99,7.69,12.39,17.09,21.79,26.49,31.19,35.89,40.59,45.29,49.99,54.69,105.71,105.71,105.71,105.71,105.71
1981-09-09,0.00,0.00,0.00,0.00,4.44,9.14,13.84,18.54,23.24,27.94,32.64,37.34,42.04,46.74,51.44,102.46,102.46,102.46,102.46,102.46
1981-09-10,0.00,0.00,0.00,0.01,4.71,9.41,14.11,18.81,23.51,28.21,32.91,37.61,42.31,47.01,51.71,102.73,102.73,102.73,102.73,102.73
1981-09-11,0.00,0.00,0.00,0.27,4.97,9.67,14.37,19.07,23.77,28.47,33.17,37.87,42.57,47.27,51.97,102.99,102.99,102.99,102.99,102.99
1981-09-12,0.00,0.00,0.00,0.53,5.23,9.93,14.63,19.33,24.03,28.73,33.43,38.13,42.83,47.53,52.23,103.24,103.24,103.24,103.24,103.24
1981-09-13,0.00,0.00,0.00,0.77,5.47,10.17,14.88,19.58,24.28,28.98,33.68,38.38,43.08,47.78,52.48,103.49,103.49,103.49,103.49,103.49
1981-09-14,0.00,0.00,0.00,1.02,5.72,10.42,15.12,19.82,24.52,29.22,33.92,38.62,43.32,48.02,52.72,103.73,103.73,103.73,103.73,103.73
1981-09-15,0.00,0.00,0.00,1.25,5.95,10.65,15.35,20.05,24.76,29.46,34.16,38.86,43.56,48.26,52.96,103.97,103.97,103.97,103.97,103.97
1981-09-16,0.00,0.00,0.00,0.00,4.31,9.01,13.71,18.41,23.11,27.81,32.51,37.21,41.91,46.61,51.31,102.33,102.33,102.33,102.33,102.33
1981-09-17,0.00,0.00,0.00,0.00,1.53,6.24,10.94,15.64,20.34,25.04,29.74,34.44,39.14,43.84,48.54,99.55,99.55,99.55,99.55,99.55
1981-09-18,0.00,0.00,0.00,0.00,1.89,6.59,11.30,16.00,20.70,25.40,30.10,34.80,39.50,44.20,48.90,99.91,99.91,99.91,99.91,99.91
1981-09-19,0.00,0.00,0.00,0.00,2.24,6.94,11.64,16.34,21.04,25.74,30.44,35.14,39.84,44.54,49.24,100.26,100.26,100.26,100.26,100.26
1981-09-20,0.00,0.00,0.00,0.00,2.58,7.28,11.98,16.68,21.38,26.08,30.78,35.48,40.18,44.88,49.58,100.59,100.59,100.59,100.59,100.59
1981-09-21,0.00,0.00,0.00,0.00,2.90,7.60,12.30,17.00,21.70,26.40,31.10,35.80,40.50,45.20,49.90,100.92,100.92,100.92,100.92,100.92
1981-09-22,0.00,0.00,0.00,0.00,3.21,7.91,12.62,17.32,22.02,26.72,31.42,36.12,40.82,45.52,50.22,101.23,101.23,101.23,101.23,101.23
1981-09-23,0.00,0.00,0.00,0.00,3.52,8.22,12.92,17.62,22.32,27.02,31.72,36.42,41.12,45.82,50.52,101.53,101.53,101.53,101.53,101.53
1981-09-24,0.00,0.00,0.00,0.00,3.81,8.51,13.21,17.91,22.61,27.32,32.02,36.72,41.42,46.12,50.82,101.83,101.83,101.83,101.83,101.83
1981-09-25,0.00,0.00,0.00,0.00,4.10,8.80,13.50,18.20,22.90,27.60,32.30,37.00,41.70,46.40,51.10,102.12,102.12,102.12,102.12,102.12
1981-09-26,0.00,0.00,0.00,0.00,4.38,9.08,13.78,18.48,23.18,27.88,32.58,37.28,41.98,46.68,51.38,102.39,102.39,102.39,102.39,102.39
1981-09-27,0.00,0.00,0.00,0.00,4.65,9.35,14.05,18.75,23.45,28.15,32.85,37.55,42.25,46.95,51.65,102.67,102.67,102.67,102.67,102.67
1981-09-28,0.00,0.00,0.00,0.21,4.91,9.61,14.31,19.01,23.71,28.41,33.11,37.81,42.51,47.22,51.92,102.93,102.93,102.93,102.93,102.93
1981-09-29,0.00,0.00,0.00,0.47,5.17,9.87,14.57,19.27,23.97,28.67,33.37,38.07,42.77,47.47,52.17,103.19,103.19,103.19,103.19,103.19
1981-09-30,0.00,0.00,0.00,0.72,5.42,10.12,14.82,19.52,24.22,28.92,33.62,38.32,43.02,47.72,52.42,103.44,103.44,103.44,103.44,103.44
1981-10-01,0.00,0.00,0.00,0.96,5.66,10.36,15.06,19.76,24.46,29.16,33.86,38.57,43.27,47.97,52.67,103.68,103.68,103.68,103.68,103.68
1981-10-02,0.00,0.00,0.00,0.00,4.14,8.84,13.54,18.24,22.94,27.64,32.34,37.04,41.74,46.44,51.14,102.16,102.16,102.16,102.16,102.16
1981-10-03,0.00,0.00,0.00,0.00,3.69,8.39,13.09,17.79,22.49,27.19,31.89,36.59,41.29,45.99,50.69,101.71,101.71,101.71,101.71,101.71
1981-10-04,0.00,0.00,0.00,0.00,3.98,8.68,13.38,18.08,22.78,27.48,32.18,36.88,41.58,46.28,50.98,102.00,102.00,102.00,102.00,102.00
1981-10-05,0.00,0.00,0.00,0.00,4.26,8.96,13.66,18.36,23.06,27.76,32.46,37.17,41.87,46.57,51.27,102.28,102.28,102.28,102.28,102.28
1981-10-06,0.00,0.00,0.00,0.00,4.54,9.24,13.94,18.64,23.34,28.04,32.74,37.44,42.14,46.84,51.54,102.55,102.55,102.55,102.55,102.55
1981-10-07,0.00,0.00,0.00,0.00,3.13,7.83,12.53,17.23,21.93,26.63,31.34,36.04,40.74,45.44,50.14,101.15,101.15,101.15,101.15,101.15
1981-10-08,0.00,0.00,0.00,0.00,3.44,8.14,12.84,17.54,22.24,26.94,31.64,36.34,41.04,45.74,50.44,101.46,101.46,101.46,101.46,101.46
1981-10-09,0.00,0.00,0.00,0.00,3.74,8.44,13.14,17.84,22.54,27.24,31.94,36.64,41.34,46.04,50.74,101.75,101.75,101.75,101.75,101.75
1981-10-10,0.00,0.00,0.00,0.00,4.03,8.73,13.43,18.13,22.83,27.53,32.23,36.93,41.63,46.33,51.03,102.04,102.04,102.04,102.04,102.04
1981-10-11,0.00,0.00,0.00,0.00,4.31,9.01,13.71,18.41,23.11,27.81,32.51,37.21,41.91,46.61,51.31,102.32,102.32,102.32,102.32,102.32
1981-10-12,0.00,0.00,0.00,0.00,4.58,9.28,13.98,18.68,23.38,28.08,32.78,37.48,42.18,46.88,51.58,102.60,102.60,102.60,102.60,102.60
1981-10-13,0.00,0.00,0.00,0.14,4.84,9.54,14.24,18.94,23.65,28.35,33.05,37.75,42.45,47.15,51.85,102.86,102.86,102.86,102.86,102.86
1981-10-14,0.00,0.00,0.00,0.40,5.10,9.80,14.50,19.20,23.90,28.60,33.30,38.00,42.70,47.41,52.11,103.12,103.12,103.12,103.12,103.12
1981-10-15,0.00,0.00,0.00,0.65,5.35,10.05,14.75,19.45,24.16,28.86,33.56,38.26,42.96,47.66,52.36,103.37,103.37,103.37,103.37,103.37
1981-10-16,0.00,0.00,0.00,0.90,5.60,10.30,15.00,19.70,24.40,29.10,33.80,38.50,43.20,47.90,52.60,103.62,103.62,103.62,103.62,103.62
1981-10-17,0.00,0.00,0.00,1.14,5.84,10.54,15.24,19.94,24.64,29.34,34.04,38.74,43.44,48.14,52.84,103.86,103.86,103.86,103.86,103.86
1981-10-18,0.00,0.00,0.00,1.37,6.07,10.77,15.47,20.17,24.87,29.57,34.27,38.98,43.68,48.38,53.08,104.09,104.09,104.09,104.09,104.09
1981-10-19,0.00,0.00,0.00,0.00,2.54,7.24,11.94,16.64,21.34,26.04,30.74,35.44,40.14,44.84,49.54,100.55,100.55,100.55,100.55,100.55
1981-10-20,0.00,0.00,0.00,0.00,2.86,7.56,12.26,16.96,21.66,26.36,31.06,35.76,40.46,45.16,49.86,100.88,100.88,100.88,100.88,100.88
1981-10-21,0.00,0.00,0.00,0.00,3.18,7.88,12.58,17.28,21.98,26.68,31.38,36.08,40.78,45.48,50.18,101.19,101.19,101.19,101.19,101.19
1981-10-22,0.00,0.00,0.00,0.00,3.48,8.18,12.88,17.58,22.28,26.98,31.68,36.38,41.08,45.78,50.48,101.50,101.50,101.50,101.50,101.50
1981-10-23,0.00,0.00,0.00,0.00,3.78,8.48,13.18,17.88,22.58,27.28,31.98,36.68,41.38,46.08,50.78,101.79,101.79,101.79,101.79,101.79
1981-10-24,0.00,0.00,0.00,0.00,1.34,6.04,10.74,15.44,20.14,24.84,29.54,34.24,38.94,43.64,48.34,99.36,99.36,99.36,99.36,99.36
1981-10-25,0.00,0.00,0.00,0.00,1.71,6.41,11.11,15.81,20.51,25.21,29.91,34.61,39.31,44.01,48.71,99.72,99.72,99.72,99.72,99.72
1981-10-26,0.00,0.00,0.00,0.00,2.06,6.76,11.46,16.16,20.86,25.56,30.26,34.96,39.66,44.36,49.06,100.08,100.08,100.08,100.08,100.08
1981-10-27,0.00,0.00,0.00,0.00,0.58,5.28,9.98,14.68,19.38,24.08,28.78,33.48,38.18,42.88,47.58,98.60,98.60,98.60,98.60,98.60
1981-10-28,0.00,0.00,0.00,0.00,0.00,0.00,4.33,9.03,13.74,18.44,23.14,27.84,32.54,37.24,41.94,92.95,92.95,92.95,92.95,92.95
1981-10-29,0.00,0.00,0.00,0.00,0.00,0.33,5.03,9.73,14.43,19.13,23.83,28.53,33.23,37.93,42.63,93.65,93.65,93.65,93.65,93.65
1981-10-30,0.00,0.00,0.00,0.00,0.00,0.98,5.68,10.38,15.08,19.78,24.48,29.18,33.88,38.58,43.28,94.30,94.30,94.30,94.30,94.30
1981-10-31,0.00,0.00,0.00,0.00,0.00,1.59,6.29,10.99,15.69,20.39,25.09,29.79,34.49,39.19,43.89,94.90,94.90,94.90,94.90,94.90
1981-11-01,0.00,0.00,0.00,0.00,0.00,2.16,6.86,11.56,16.26,20.96,25.66,30.36,35.06,39.76,44.46,95.48,95.48,95.48,95.48,95.48
1981-11-02,0.00,0.00,0.00,0.00,0.00,2.70,7.40,12.10,16.80,21.50,26.20,30.90,35.60,40.30,45.00,96.02,96.02,96.02,96.02,96.02
1981-11-03,0.00,0.00,0.00,0.00,0.00,3.21,7.91,12.61,17.31,22.01,26.71,31.42,36.12,40.82,45.52,96.53,96.53,96.53,96.53,96.53
1981-11-04,0.00,0.00,0.00,0.00,0.00,3.70,8.40,13.10,17.80,22.50,27.20,31.90,36.60,41.30,46.00,97.02,97.02,97.02,97.02,97.02
1981-11-05,0.00,0.00,0.00,0.00,0.00,4.16,8.86,13.56,18.26,22.96,27.66,32.37,37.07,41.77,46.47,97.48,97.48,97.48,97.48,97.48
1981-11-06,0.00,0.00,0.00,0.00,0.00,4.61,9.31,14.01,18.71,23.41,28.11,32.81,37.51,42.21,46.91,97.92,97.92,97.92,97.92,97.92
1981-11-07,0.00,0.00,0.00,0.00,0.00,2.79,7.49,12.19,16.89,21.59,26.29,30.99,35.69,40.39,45.09,96.10,96.10,96.10,96.10,96.10
1981-11-08,0.00,0.00,0.00,0.00,0.00,3.29,7.99,12.69,17.39,22.09,26.80,31.50,36.20,40.90,45.60,96.61,96.61,96.61,96.61,96.61
1981-11-09,0.00,0.00,0.00,0.00,0.00,3.78,8.48,13.18,17.88,22.58,27.28,31.98,36.68,41.38,46.08,97.09,97.09,97.09,97.09,97.09
1981-11-10,0.00,0.00,0.00,0.00,0.00,4.24,8.94,13.64,18.34,23.04,27.74,32.44,37.14,41.84,46.54,97.55,97.55,97.55,97.55,97.55
1981-11-11,0.00,0.00,0.00,0.00,0.00,4.68,9.38,14.08,18.78,23.48,28.18,32.88,37.58,42.28,46.98,97.99,97.99,97.99,97.99,97.99
1981-11-12,0.00,0.00,0.00,0.00,0.40,5.10,9.80,14.50,19.20,23.90,28.60,33.30,38.00,42.70,47.40,98.41,98.41,98.41,98.41,98.41
1981-11-13,0.00,0.00,0.00,0.00,0.80,5.50,10.20,14.90,19.60,24.30,29.00,33.70,38.40,43.10,47.80,98.82,98.82,98.82,98.82,98.82
1981-11-14,0.00,0.00,0.00,0.00,1.19,5.89,10.59,15.29,19.99,24.69,29.39,34.09,38.79,43.49,48.19,99.20,99.20,99.20,99.20,99.20
1981-11-15,0.00,0.00,0.00,0.00,1.56,6.26,10.96,15.66,20.36,25.06,29.76,34.46,39.16,43.86,48.56,99.57,99.57,99.57,99.57,99.57
1981-11-16,0.00,0.00,0.00,0.00,0.11,4.81,9.51,14.21,18.91,23.61,28.31,33.01,37.71,42.41,47.11,98.12,98.12,98.12,98.12,98.12
1981-11-17,0.00,0.00,0.00,0.00,0.52,5.22,9.92,14.62,19.32,24.02,28.72,33.42,38.13,42.83,47.53,98.54,98.54,98.54,98.54,98.54
1981-11-18,0.00,0.00,0.00,0.00,0.92,5.62,10.32,15.02,19.72,24.42,29.12,33.82,38.52,43.22,47.92,98.94,98.94,98.94,98.94,98.94
1981-11-19,0.00,0.00,0.00,0.00,0.94,5.64,10.34,15.05,19.75,24.45,29.15,33.85,38.55,43.25,47.95,98.96,98.96,98.96,98.96,98.96
1981-11-20,0.00,0.00,0.00,0.00,1.33,6.03,10.73,15.43,20.13,24.83,29.53,34.23,38.93,43.63,48.33,99.34,99.34,99.34,99.34,99.34
1981-11-21,0.00,0.00,0.00,0.00,0.00,3.63,8.34,13.04,17.74,22.44,27.14,31.84,36.54,41.24,45.94,96.95,96.95,96.95,96.95,96.95
1981-11-22,0.00,0.00,0.00,0.00,0.00,3.76,8.46,13.16,17.86,22.56,27.26,31.96,36.66,41.36,46.06,97.08,97.08,97.08,97.08,97.08
1981-11-23,0.00,0.00,0.00,0.00,0.00,3.36,8.06,12.76,17.46,22.16,26.86,31.57,36.27,40.97,45.67,96.68,96.68,96.68,96.68,96.68
1981-11-24,0.00,0.00,0.00,0.00,0.00,3.84,8.54,13.24,17.94,22.64,27.34,32.04,36.74,41.45,46.15,97.16,97.16,97.16,97.16,97.16
1981-11-25,0.00,0.00,0.00,0.00,0.00,4.30,9.00,13.70,18.40,23.10,27.80,32.50,37.20,41.90,46.60,97.62,97.62,97.62,97.62,97.62
1981-11-26,0.00,0.00,0.00,0.00,0.04,4.74,9.44,14.14,18.84,23.54,28.24,32.94,37.64,42.34,47.04,98.05,98.05,98.05,98.05,98.05
1981-11-27,0.00,0.00,0.00,0.00,0.45,5.15,9.85,14.55,19.25,23.96,28.66,33.36,38.06,42.76,47.46,98.47,98.47,98.47,98.47,98.47
1981-11-28,0.00,0.00,0.00,0.00,0.85,5.55,10.25,14.96,19.66,24.36,29.06,33.76,38.46,43.16,47.86,98.87,98.87,98.87,98.87,98.87
1981-11-29,0.00,0.00,0.00,0.00,1.24,5.94,10.64,15.34,20.04,24.74,29.44,34.14,38.84,43.54,48.24,99.26,99.26,99.26,99.26,99.26
1981-11-30,0.00,0.00,0.00,0.00,1.61,6.31,11.01,15.71,20.41,25.11,29.81,34.51,39.21,43.91,48.61,99.63,99.63,99.63,99.63,99.63
1981-12-01,0.00,0.00,0.00,0.00,1.97,6.67,11.37,16.07,20.77,25.47,30.17,34.87,39.57,44.27,48.97,99.98,99.98,99.98,99.98,99.98
1981-12-02,0.00,0.00,0.00,0.00,0.00,2.69,7.39,12.09,16.79,21.49,26.19,30.89,35.59,40.29,44.99,96.00,96.00,96.00,96.00,96.00
1981-12-03,0.00,0.00,0.00,0.00,0.00,0.00,4.16,8.86,13.56,18.26,22.96,27.66,32.37,37.07,41.77,92.78,92.78,92.78,92.78,92.78
1981-12-04,0.00,0.00,0.00,0.00,0.00,0.17,4.87,9.57,14.27,18.97,23.67,28.37,33.07,37.77,42.47,93.49,93.49,93.49,93.49,93.49
1981-12-05,0.00,0.00,0.00,0.00,0.00,0.83,5.53,10.23,14.93,19.63,24.33,29.03,33.73,38.43,43.13,94.15,94.15,94.15,94.15,94.15
1981-12-06,0.00,0.00,0.00,0.00,0.00,1.45,6.15,10.85,15.55,20.25,24.95,29.65,34.35,39.05,43.75,94.76,94.76,94.76,94.76,94.76
1981-12-07,0.00,0.00,0.00,0.00,0.00,2.03,6.73,11.43,16.13,20.83,25.53,30.23,34.93,39.63,44.33,95.34,95.34,95.34,95.34,95.34
1981-12-08,0.00,0.00,0.00,0.00,0.00,2.58,7.28,11.98,16.68,21.38,26.08,30.78,35.48,40.18,44.88,95.89,95.89,95.89,95.89,95.89
1981-12-09,0.00,0.00,0.00,0.00,0.00,2.22,6.92,11.62,16.32,21.02,25.73,30.43,35.13,39.83,44.53,95.54,95.54,95.54,95.54,95.54
1981-12-10,0.00,0.00,0.00,0.00,0.00,2.76,7.46,12.16,16.86,21.56,26.26,30.96,35.66,40.36,45.06,96.08,96.08,96.08,96.08,96.08
1981-12-11,0.00,0.00,0.00,0.00,0.00,1.89,6.59,11.29,15.99,20.69,25.39,30.09,34.79,39.49,44.19,95.20,95.20,95.20,95.20,95.20
1981-12-12,0.00,0.00,0.00,0.00,0.00,2.44,7.14,11.84,16.54,21.25,25.95,30.65,35.35,40.05,44.75,95.76,95.76,95.76,95.76,95.76
1981-12-13,0.00,0.00,0.00,0.00,0.00,2.97,7.67,12.37,17.07,21.77,26.47,31.17,35.87,40.57,45.27,96.29,96.29,96.29,96.29,96.29
1981-12-14,0.00,0.00,0.00,0.00,0.00,3.06,7.76,12.46,17.16,21.86,26.56,31.26,35.96,40.66,45.36,96.38,96.38,96.38,96.38,96.38
1981-12-15,0.00,0.00,0.00,0.00,0.00,0.73,5.43,10.13,14.83,19.53,24.23,28.93,33.63,38.33,43.03,94.04,94.04,94.04,94.04,94.04
1981-12-16,0.00,0.00,0.00,0.00,0.00,0.00,0.00,4.27,8.97,13.67,18.37,23.07,27.78,32.48,37.18,88.19,88.19,88.19,88.19,88.19
1981-12-17,0.00,0.00,0.00,0.00,0.00,0.00,0.33,5.03,9.73,14.43,19.13,23.83,28.53,33.23,37.93,88.94,88.94,88.94,88.94,88.94
1981-12-18,0.00,0.00,0.00,0.00,0.00,0.00,1.37,6.07,10.77,15.47,20.17,24.87,29.57,34.27,38.97,89.98,89.98,89.98,89.98,89.98
1981-12-19,0.00,0.00,0.00,0.00,0.00,0.00,2.30,7.00,11.70,16.40,21.10,25.80,30.50,35.20,39.91,90.92,90.92,90.92,90.92,90.92
1981-12-20,0.00,0.00,0.00,0.00,0.00,0.00,3.16,7.86,12.56,17.26,21.96,26.66,31.36,36.06,40.76,91.77,91.77,91.77,91.77,91.77
1981-12-21,0.00,0.00,0.00,0.00,0.00,0.00,3.94,8.64,13.34,18.04,22.74,27.44,32.14,36.84,41.54,92.55,92.55,92.55,92.55,92.55
1981-12-22,0.00,0.00,0.00,0.00,0.00,0.00,4.66,9.36,14.06,18.76,23.46,28.16,32.86,37.56,42.27,93.28,93.28,93.28,93.28,93.28
1981-12-23,0.00,0.00,0.00,0.00,0.00,0.64,5.34,10.04,14.74,19.44,24.14,28.84,33.54,38.24,42.94,93.95,93.95,93.95,93.95,93.95
1981-12-24,0.00,0.00,0.00,0.00,0.00,0.38,5.09,9.79,14.49,19.19,23.89,28.59,33.29,37.99,42.69,93.70,93.70,93.70,93.70,93.70
1981-12-25,0.00,0.00,0.00,0.00,0.00,1.03,5.73,10.43,15.13,19.83,24.53,29.23,33.93,38.63,43.33,94.35,94.35,94.35,94.35,94.35
1981-12-26,0.00,0.00,0.00,0.00,0.00,1.64,6.34,11.04,15.74,20.44,25.14,29.84,34.54,39.24,43.94,94.95,94.95,94.95,94.95,94.95
1981-12-27,0.00,0.00,0.00,0.00,0.00,2.21,6.91,11.61,16.31,21.01,25.71,30.41,35.11,39.81,44.51,95.52,95.52,95.52,95.52,95.52
1981-12-28,0.00,0.00,0.00,0.00,0.00,2.33,7.03,11.74,16.44,21.14,25.84,30.54,35.24,39.94,44.64,95.65,95.65,95.65,95.65,95.65
1981-12-29,0.00,0.00,0.00,0.00,0.00,2.87,7.57,12.27,16.97,21.67,26.37,31.07,35.77,40.47,45.17,96.18,96.18,96.18,96.18,96.18
1981-12-30,0.00,0.00,0.00,0.00,0.00,3.37,8.07,12.77,17.47,22.17,26.87,31.57,36.27,40.97,45.67,96.69,96.69,96.69,96.69,96.69
1981-12-31,0.00,0.00,0.00,0.00,0.00,3.85,8.55,13.25,17.95,22.65,27.35,32.05,36.75,41.45,46.15,97.16,97.16,97.16,97.16,97.16
